job_id,job_title,company_name,job_country,job_location,job_schedule_type,job_via,job_posted_date,salary_year_avg
21321,Data Engineer,Engtal,United States,Anywhere,Full-time,via LinkedIn,2023-01-27 18:10:51,325000.0
157003,Data Engineer,Engtal,United States,Anywhere,Full-time,via LinkedIn,2023-02-17 18:11:49,325000.0
270455,Data Engineer,Durlston Partners,United States,Anywhere,Full-time,via LinkedIn,2023-07-17 11:10:55,300000.0
230458,Director of Engineering - Data Platform,Twitch,United States,Anywhere,Full-time,via Hitmarker,2023-01-30 11:07:32,251000.0
543728,Staff Data Engineer,Signify Technology,United States,Anywhere,Full-time,via LinkedIn,2023-03-28 13:11:42,250000.0
595768,Principal Data Engineer,Signify Technology,United States,Anywhere,Full-time,via LinkedIn,2023-02-14 15:24:07,250000.0
561728,Data Engineer,AI Startup,United States,Anywhere,Full-time,via LinkedIn,2023-03-24 23:32:42,250000.0
204320,Staff Data Engineer,Handshake,United States,Anywhere,Full-time,via EchoJobs,2023-01-08 15:05:16,245000.0
151972,Principal Data Engineer (Remote),Movable Ink,United States,Anywhere,Full-time,via Built In Chicago,2023-05-25 15:05:38,245000.0
2446,Data Engineering Manager,Meta,United States,Anywhere,Full-time,via ZipRecruiter,2023-12-12 15:56:17,242000.0
609418,Data Engineering Manager,Meta,United States,Anywhere,Full-time,via ZipRecruiter,2023-12-08 14:04:41,242000.0
456144,Data Engineering Manager - Event Streaming and Real-Time Analytics,LTK,France,Anywhere,Full-time,via AngelList,2023-01-09 18:22:32,235000.0
14251,Staff Data Engineer,Hinge,United States,Anywhere,Full-time,via LinkedIn,2023-12-19 13:11:19,234500.0
11602,"Data Engineer, Analytics (Generalist)",Meta,United States,Anywhere,Full-time,via LinkedIn,2023-09-09 10:33:46,233000.0
173752,Data Engineering Leader,Henry Schein One,United States,Anywhere,Full-time,via LinkedIn,2023-09-20 23:06:47,227630.0
202624,Rust Data Engineer,Understanding Recruitment,United States,Anywhere,Full-time,via LinkedIn,2023-09-05 09:02:44,225000.0
1375618,"Director, Data Engineering (Remote)",Brightcove,United States,Anywhere,Full-time,via Built In,2023-08-16 07:23:29,221500.0
67320,Staff Data Engineer,Harnham,United States,Anywhere,Full-time,via LinkedIn,2023-02-10 20:24:11,220000.0
503833,Principal AI Data Engineer (Remote),Grindr,Sudan,Anywhere,Full-time,via Built In,2023-11-06 19:13:01,220000.0
448016,Principal Data Engineer,Storm3,United States,Anywhere,Full-time,via LinkedIn,2023-11-14 09:05:50,215000.0
536902,"Senior / Staff, Data Engineer",Shiftsmart,United States,Anywhere,Full-time,via LinkedIn,2023-02-15 16:15:40,215000.0
373301,Data Engineer,Booz Allen,United States,Anywhere,Full-time,via Recruit.net,2023-01-23 00:07:19,214000.0
5394,Staff Data Engineer,Swing Education,United States,Anywhere,Full-time,via Indeed,2023-10-19 21:30:58,211733.0
457199,Staff Data Engineer - #16933 - Remote,"Fanatics, Inc.",Sudan,Anywhere,Full-time,via Jobgether,2023-09-24 18:09:21,210000.0
2812,Staff Data Engineer,Harnham,United States,Anywhere,Full-time,via LinkedIn,2023-03-24 15:14:46,210000.0
171334,North America Principal Data Engineer (Remote Option*),Nike,United States,Anywhere,Full-time,via Indeed,2023-03-09 20:07:35,208000.0
98048,"Data Engineer, Analytics",Meta,United States,Anywhere,Full-time,via ZipRecruiter,2023-11-15 07:06:27,207230.21875
13226,Principal Data Engineer (Remote U.S. OK),Zscaler,United States,Anywhere,Full-time,via Built In San Francisco,2023-02-03 06:31:28,206000.0
36250,Fully Remote - Golang Data Engineer,Durlston Partners,United States,Anywhere,Full-time,via LinkedIn,2023-09-20 16:05:49,205000.0
446765,Data Engineering Manager,Alldus,United States,Anywhere,Full-time,via LinkedIn,2023-01-09 20:42:22,205000.0
50069,Lead Data Engineer,Abridge,United States,Anywhere,Full-time,via Wellfound,2023-12-14 15:04:43,205000.0
384754,Staff Data Engineer,Harnham,United States,Anywhere,Full-time,via LinkedIn,2023-02-24 21:09:37,205000.0
122775,Lead Data Engineer (Remote-Eligible),Capital One,Sudan,Anywhere,Full-time,via Built In,2023-03-02 06:36:44,203000.0
221584,Lead Data Engineer - Capital One Software (Remote Eligible),Capital One,United States,Anywhere,Full-time,via Built In Chicago,2023-07-01 03:57:26,203000.0
1848,"Manager, Data Engineering (Remote-Eligible)",Capital One,United States,Anywhere,Full-time,via Built In San Francisco,2023-02-04 07:11:35,203000.0
103396,Lead Data Engineer,Wizard,United States,Anywhere,Full-time,via LinkedIn,2023-06-27 21:28:44,200500.0
126068,Lead Data Engineer (Remote-Eligible),Capital One,United States,Anywhere,Full-time,via Built In Boston,2023-01-26 23:08:21,200256.0
419618,Principal Data Engineer- $225k (Remote),Averity,Sudan,Anywhere,Full-time,via LinkedIn,2023-03-13 19:58:19,200000.0
638394,Data Engineer,Vibrant Planet,Sudan,Anywhere,Full-time,via LinkedIn,2023-04-11 14:51:40,200000.0
266977,Principal Data Engineer (Remote),Murmuration,United States,Anywhere,Full-time,via Built In NYC,2023-03-13 15:15:12,200000.0
130206,Principal Data Engineer,murmuration,United States,Anywhere,Full-time,via LinkedIn,2023-03-10 22:14:20,200000.0
488214,Principal Data Engineer (100% Remote),Averity,United States,Anywhere,Full-time,via LinkedIn,2023-03-20 02:52:15,200000.0
40495,"Data Engineering Manager, Analytics",Meta,Sudan,Anywhere,Full-time,via Indeed,2023-10-07 06:14:50,198500.0
94315,"Data Engineer, Product Analytics",Meta,United States,Anywhere,Full-time,via LinkedIn,2023-12-21 23:06:16,198500.0
165851,"Data Engineering Manager, Analytics",Meta,United States,Anywhere,Full-time,via LinkedIn,2023-09-12 11:09:18,198500.0
1046827,Staff Health Data Engineer,Nuna Inc.,Sudan,Anywhere,Full-time,via LinkedIn,2023-08-03 17:56:07,197500.0
168128,"Principal Data Engineer (Austin, TX or Remote)",Gopuff,United States,Anywhere,Full-time,via Built In Austin,2023-02-16 16:35:21,197000.0
49667,"Manager, Engineering, Core Data",Sephora,United States,Anywhere,Full-time,via ZipRecruiter,2023-08-19 09:08:36,197000.0
67801,Staff Data Engineer,Harnham,United States,Anywhere,Full-time,via Indeed,2023-05-04 18:07:21,195000.0
546955,Data Engineering Manager,Motion Recruitment,United States,Anywhere,Full-time,via Motion Recruitment,2023-07-14 07:07:18,195000.0
1624933,Data engineer remote,Navient,United States,Anywhere,Full-time,via Talent.com,2023-11-26 00:09:20,194500.0
65059,Lead Data Engineer (Remote),Capital One,United States,Anywhere,Full-time,via Built In San Francisco,2023-01-07 19:04:47,193562.5
7593,"Staff Data Engineer (Greater NYC Area, NY or Remote)",Integral Ad Science,United States,Anywhere,Full-time,via Built In NYC,2023-04-25 16:41:02,192500.0
1050580,"Big Data Engineer, Blockchain",Nexo,Bulgaria,Anywhere,Full-time,via Web3 Jobs,2023-06-01 08:38:23,192500.0
56119,Data Engineer - Web3,Jobot,United States,Anywhere,Full-time,via ZipRecruiter,2023-01-02 22:05:00,192500.0
826039,Data Engineer,Genome Medical,Sudan,Anywhere,Full-time,via Indeed,2023-02-28 00:24:52,192000.0
275269,Lead Data Engineer - Artificial Intelligence,"The Travelers Companies, Inc.",United States,Anywhere,Full-time,via Indeed,2023-06-01 21:33:08,190500.0
305586,Data Engineer,FirstParty,United States,Anywhere,Full-time,via LinkedIn,2023-10-30 13:04:55,190000.0
810479,Staff Data Engineer - Marketing Analytics - 100% Remote,Motion Recruitment,Sudan,Anywhere,Full-time,via Motion Recruitment,2023-07-13 06:54:10,190000.0
194545,Lead Data Engineer,Storm3,United States,Anywhere,Full-time,via LinkedIn,2023-02-28 14:53:16,190000.0
41139,Lead Data Engineer - Crypto,Intelletec,United States,Anywhere,Full-time,via LinkedIn,2023-03-09 14:13:33,190000.0
271388,"Principal, Data Engineering",T-Mobile,United States,Anywhere,Full-time,via Indeed,2023-07-08 12:30:48,188000.0
291450,Data Engineer,zenapse,United States,Anywhere,Full-time,via LinkedIn,2023-03-07 14:19:29,187500.0
242175,Data Engineer,Seamless Migration LLC,United States,Anywhere,Full-time,via ZipRecruiter,2023-08-14 18:50:03,187500.0
1180935,Lead Data Engineer - NFT Marketplace,Intelletec,United States,Anywhere,Full-time,via LinkedIn,2023-03-23 13:17:29,187500.0
163416,Data Engineer,zenapse,Sudan,Anywhere,Full-time,via LinkedIn,2023-03-07 15:01:11,187500.0
127198,Lead Data Engineer,Motion Recruitment,United States,Anywhere,Full-time,via Motion Recruitment,2023-11-09 08:05:21,187500.0
111233,Data Engineer Data & Analytics 1413144,Cisco,United States,Anywhere,Full-time,via LinkedIn,2023-12-19 17:08:46,186500.0
1266110,Customer-Facing Data Engineer (Tech Lead & Senior Engineer),High Country Tech Search,United States,Anywhere,Full-time,via LinkedIn,2023-08-21 18:08:20,185000.0
535516,Lead Data Engineer,Plexus Resource Solutions,United States,Anywhere,Full-time,via LinkedIn,2023-12-12 15:56:15,185000.0
560356,Data Engineer - 100% REMOTE,Jobot,United States,Anywhere,Full-time,via ZipRecruiter,2023-01-11 05:23:59,185000.0
896012,Data Infrastructure Engineer,Harrison Clarke,United States,Anywhere,Contractor,via LinkedIn,2023-07-06 13:05:28,185000.0
61571,Data Engineer / Data Warehouse Developer (Remote),Crusoe Energy Systems LLC,United States,Anywhere,Full-time,via Built In Colorado,2023-10-03 23:06:00,182500.0
423137,Senior Software Engineer - Data Engineering,Frame AI,Sudan,Anywhere,Full-time,via LinkedIn,2023-09-26 19:19:08,182500.0
40656,Sr Data Engineer,Venturi,United States,Anywhere,Full-time,via LinkedIn,2023-06-26 21:57:19,180000.0
432758,"Principal Data Engineer, AdSmart (Remote)",NBCUniversal,United States,Anywhere,Full-time,via Built In LA,2023-01-06 19:09:19,180000.0
81783,Staff Data Engineer,CyberCoders,United States,Anywhere,Full-time,via Indeed,2023-06-14 13:08:32,180000.0
125643,"Principal Data Engineer, AdSmart (Greater NYC Area, NY or Remote)",NBCUniversal,United States,Anywhere,Full-time,via Built In NYC,2023-03-23 03:23:44,180000.0
245010,$180k/YR - Data Engineer 100%Remote,Lorien,United States,Anywhere,Full-time,via LinkedIn,2023-01-31 21:33:33,180000.0
265510,Data Engineer,Forsyth Barnes,United States,Anywhere,Full-time,via LinkedIn,2023-04-21 15:57:01,180000.0
25160,Staff Data Engineer,GOBankingRates,United States,Anywhere,Full-time,via LinkedIn,2023-05-16 18:06:01,180000.0
263794,Data Engineer,Dataflix,United States,Anywhere,Full-time,via Indeed,2023-01-22 18:10:29,180000.0
20300,Principal Data Engineer (REMOTE),Stryker,United States,Anywhere,Full-time,via Indeed,2023-06-17 18:06:52,179500.0
96785,Backend Staff Data Engineer (Remote),Achieve,United States,Anywhere,Full-time,via Built In San Francisco,2023-01-04 18:32:07,177500.0
289748,Hands-On Head of Data Engineering (Energy),Motion Recruitment,United States,Anywhere,Full-time,via Motion Recruitment,2023-04-13 06:41:04,177500.0
361605,Data Engineer,Lumin Digital,United States,Anywhere,Full-time,via LinkedIn,2023-07-26 15:08:04,175000.0
459428,Data Engineer,Omniware LLC,United States,Anywhere,Full-time,via Indeed,2023-11-15 18:06:06,175000.0
255135,Lead Data Engineer,Intelletec,United States,Anywhere,Full-time,via LinkedIn,2023-01-31 09:08:27,175000.0
239696,Lead Data Engineer,Intelletec,United States,Anywhere,Full-time,via LinkedIn,2023-03-14 19:47:53,175000.0
177215,Data Engineer,gWorks,United States,Anywhere,Full-time,via LinkedIn,2023-09-27 22:08:26,175000.0
50678,Data Engineer,Stealth Startup,United States,Anywhere,Full-time,via LinkedIn,2023-04-14 10:06:29,175000.0
140098,Lead Python Engineer Data Engineer Python Developer,Robert Half,United States,Anywhere,Full-time,via Dice.com,2023-09-17 00:30:55,175000.0
7208,Lead Data Engineer,Storm3,United States,Anywhere,Full-time,via LinkedIn,2023-06-26 16:09:14,175000.0
195404,Lead Data Engineer,Storm3,United States,Anywhere,Full-time,via LinkedIn,2023-02-28 14:12:06,175000.0
230261,Data Engineer,Quest Groups LLC,Sudan,Anywhere,Full-time,via LinkedIn,2023-03-22 15:09:08,175000.0
1237068,Staff Data Engineer,Harnham,United States,Anywhere,Full-time,via Indeed,2023-06-17 00:45:30,175000.0
227502,Lead Data Engineer,Signify Technology,United States,Anywhere,Full-time,via LinkedIn,2023-04-21 19:28:33,175000.0
146078,FULLY REMOTE Data Engineer,CyberCoders,United States,Anywhere,Full-time,via Indeed,2023-07-25 20:10:19,175000.0
167378,Data Engineer,Arkestro,United States,Anywhere,Full-time,via LinkedIn,2023-10-05 13:06:35,175000.0
103019,Sr. Data Engineer,Medical Solutions,United States,Anywhere,Full-time,via ZipRecruiter,2023-06-28 07:10:38,173775.0
126864,Lead Data Engineer,CVS Health,United States,Anywhere,Full-time,via LinkedIn,2023-05-05 08:21:23,172500.0
254651,Lead Data Engineer,CVS Health,United States,Anywhere,Full-time,via LinkedIn,2023-06-10 08:04:51,172500.0
241800,Sr. Data Engineer (Remote),S&P Global,United States,Anywhere,Full-time,via Built In,2023-01-06 11:08:40,172475.5
374706,"Senior Search Engineer, Data Platform",Near,Brazil,Anywhere,Full-time,via Levels.fyi,2023-12-06 03:10:27,171875.0
289026,"Front End Engineer, Data Platform",Near,Canada,Anywhere,Full-time,via Levels.fyi,2023-11-02 16:23:49,171875.0
234833,"Senior Search Engineer, Data Platform",Near,Colombia,Anywhere,Full-time,via Levels.fyi,2023-12-14 23:24:15,171875.0
236393,Principal Data Engineer (SQL Server/ Azure) - $160-180k + 17.5-20...,Hydrogen Group,United States,Anywhere,Contractor,via LinkedIn,2023-08-24 20:09:38,170000.0
470489,MLOps Data Engineer,"Agile Resources, Inc.",United States,Anywhere,Full-time,via LinkedIn,2023-07-19 22:10:50,170000.0
971241,Sr Data Engineer,Confidential,Sudan,Anywhere,Full-time,via ZipRecruiter,2023-03-02 23:36:46,170000.0
547464,"Lead Software Engineer, Data",Intelletec,United States,Anywhere,Full-time,via LinkedIn,2023-03-08 15:09:34,170000.0
1478082,Data Science Engineer,1 Point System LLC.,United States,Anywhere,Full-time,via Indeed,2023-06-12 21:02:50,170000.0
346231,Data Engineer,Insight Global,Sudan,Anywhere,Full-time,via LinkedIn,2023-10-03 19:18:07,170000.0
124603,Data Engineering - DIRECTOR - $165k-$175k + bonus + 100% REMOTE,VIP,United States,Anywhere,Full-time,via LinkedIn,2023-08-07 15:32:22,170000.0
59993,Staff Data Engineer (Remote),EnergyHub,United States,Anywhere,Full-time,via Built In NYC,2023-05-30 23:27:51,170000.0
7054,Data Engineer,Elementus,United States,Anywhere,Full-time,via EchoJobs,2023-02-20 06:08:42,170000.0
520909,Principal Data Engineer,Blueprint Technologies,India,Anywhere,Full-time,via Blueprint Technologies - Talentify,2023-06-19 17:29:05,169500.0
1290906,Principal Engineer Data Engineering,Verizon,Sudan,Anywhere,Full-time,via Indeed,2023-06-15 05:24:07,167500.0
255232,"Principal Associate, Data Engineer(Remote)",Capital One,United States,Anywhere,Full-time,via Built In,2023-03-28 07:18:16,166500.0
107616,Data Engineer - ETL pipelines/Spark/API - Empowering Video Creators,Motion Recruitment,United States,Anywhere,Full-time,via Motion Recruitment,2023-03-31 07:10:47,165000.0
81369,Python Data Engineer,Blue Horizon Tek,United States,Anywhere,Contractor,via LinkedIn,2023-10-23 17:04:05,165000.0
646438,Lead Data Engineer,Intelletec,United States,Anywhere,Full-time,via LinkedIn,2023-01-26 22:12:11,165000.0
38100,Data Engineer,Lawrence Harvey,United States,Anywhere,Full-time,via LinkedIn,2023-09-05 15:04:34,165000.0
101509,Data Engineer,CyberCoders,United States,Anywhere,Full-time,via Indeed,2023-10-08 16:04:41,165000.0
462674,GCP Data Engineer,Motion Recruitment,United States,Anywhere,Full-time,via Motion Recruitment,2023-01-06 08:11:16,165000.0
381214,Lead Data Engineer,Glocomms,United States,Anywhere,Full-time,via LinkedIn,2023-03-10 15:09:49,165000.0
130699,Sr Data Engineer,Prime Team Partners,Sudan,Anywhere,Full-time,via LinkedIn,2023-01-18 15:50:20,165000.0
20216,Data Engineer,Underdog.io,United States,Anywhere,Full-time,via LinkedIn,2023-11-20 09:06:33,162500.0
299822,Data Engineer - Computer Vision,DeepRec.ai,United States,Anywhere,Full-time,via LinkedIn,2023-11-29 12:06:26,162500.0
386706,Data Engineer,FirstParty,United States,Anywhere,Full-time,via LinkedIn,2023-03-21 14:23:18,162500.0
404919,Lead Data Engineer,Intelletec,Sudan,Anywhere,Full-time,via LinkedIn,2023-03-09 19:33:25,162500.0
149343,Lead Data Engineer (Remote),Consensus Cloud Solutions,United States,Anywhere,Full-time,via Built In,2023-08-10 07:07:57,162000.0
399013,"Data Engineer, Data Platform",Near,Colombia,Anywhere,Full-time,via Levels.fyi,2023-10-23 19:14:44,161875.0
60898,AWS Data Engineer,"Cirrus Group Consulting, Inc.",Sudan,Anywhere,Full-time,via LinkedIn,2023-01-25 15:59:10,160000.0
1016225,Principal Data Engineer I,Motion Recruitment,Canada,Anywhere,Full-time,via Motion Recruitment,2023-03-09 08:23:14,160000.0
545273,Data Engineer,Evolution,United States,Anywhere,Full-time,via LinkedIn,2023-05-05 15:21:02,160000.0
545703,Data Engineer (Remote),Atlassian,United States,Anywhere,Full-time,via Built In Boston,2023-10-02 03:08:30,159500.0
399117,Principal Data Engineer - Remote,CNA Insurance,United States,Anywhere,Full-time,via Jobgether,2023-10-11 12:35:29,158559.0
104275,Snowflake Data Engineer,Gemological Institute of America,United States,Anywhere,Full-time,via Recruit.net,2023-02-16 00:15:35,158000.0
531473,Sr. Data Engineer,CyberCoders,United States,Anywhere,Full-time,via Indeed,2023-05-11 13:08:28,157500.0
71048,Sr. Data Engineer,Qual IT Resources,United States,Anywhere,Contractor,via LinkedIn,2023-03-10 17:02:37,157500.0
265925,Staff Data Engineer (Remote),Begin Learning,United States,Anywhere,Full-time,via Built In,2023-06-27 02:09:08,157500.0
442981,Senior Artificial Intelligence and Data Engineer,"Prescryptive Health, Inc.",United States,Anywhere,Full-time,via LinkedIn,2023-01-05 21:06:24,157500.0
474210,Data Engineer,Vanna Health,Sudan,Anywhere,Full-time,via Wellfound,2023-09-11 13:17:48,157500.0
1346633,Principal Data Engineer,Realtime Recruitment,Canada,Anywhere,Full-time,via LinkedIn,2023-02-20 12:20:33,157500.0
1161240,Backend Data Engineer,Insight Global,Sudan,Anywhere,Full-time,via LinkedIn,2023-05-30 18:43:30,157000.0
3793,Data Engineer,HealthVerity,United States,Anywhere,Full-time,via EchoJobs,2023-04-14 10:29:45,156500.0
705304,Data Engineer III,ShipBob,United States,Anywhere,Full-time,via Work At A Startup,2023-08-04 16:01:16,155526.5
323456,Python Data Engineer,Hays,United States,Anywhere,Full-time,via LinkedIn,2023-05-31 15:06:10,155000.0
31394,REMOTE Data Engineer - API and Ruby,Jobot,United States,Anywhere,Full-time,via LinkedIn,2023-12-02 10:45:55,155000.0
27581,Data Engineer,Jobot,United States,Anywhere,Full-time,via ZipRecruiter,2023-02-16 14:09:10,155000.0
527353,Staff / Principal Data Engineer,Prestige Staffing,United States,Anywhere,Full-time,via LinkedIn,2023-01-25 14:22:48,155000.0
55362,Lead Data Engineer,GOBankingRates,United States,Anywhere,Full-time,via Indeed,2023-07-31 22:10:11,155000.0
747988,Principal Data Engineer – Fully Remote,Archer - The IT Recruitment Consultancy,Canada,Anywhere,Full-time,via LinkedIn,2023-03-14 10:27:42,155000.0
7611,Data Engineer - AI Start-Up,CodiFi,United States,Anywhere,Full-time,via LinkedIn,2023-12-04 17:40:01,155000.0
458853,DevOps Data Engineer,Averity,United States,Anywhere,Full-time,via LinkedIn,2023-03-03 15:46:36,155000.0
120807,Big Data Engineer / Senior Architect,Staffing Technologies,United States,Anywhere,Full-time,via LinkedIn,2023-02-08 16:06:24,155000.0
478830,Data Engineer,Ascendion,United States,Anywhere,Full-time,via LinkedIn,2023-03-16 00:09:42,155000.0
527748,Node.js Data Engineer,Trilogy International,United States,Anywhere,Full-time,via LinkedIn,2023-03-31 18:12:22,155000.0
1299279,"Principal Data Engineer, Databricks Solutions Architect",Lovelytics,Sudan,Anywhere,Full-time,via AngelList,2023-04-11 13:51:38,155000.0
97290,Data Engineer,Salt,United States,Anywhere,Full-time,via LinkedIn,2023-06-21 18:10:07,155000.0
338702,Business Intelligence Data Engineer,Emerson United Inc,United States,Anywhere,Full-time,via Indeed,2023-02-18 16:08:13,155000.0
1025531,Lead Azure Data Engineer,Medix Technology,United States,Anywhere,Full-time,via LinkedIn,2023-05-03 14:30:56,155000.0
185611,DM Celonis Data Engineer -- (Remote),SDV INTERNATIONAL,United States,Anywhere,Full-time,via Indeed,2023-07-12 19:48:33,154223.5
212231,Azure Data Engineer - All Levels (REMOTE),GEICO,United States,Anywhere,Full-time,via Indeed,2023-05-25 23:04:53,154000.0
35822,"Sr/Princ Data Engineer - Data Experience, Strategy & Planning (Remote)",Liberty Mutual Insurance,United States,Anywhere,Full-time,via Built In Seattle,2023-04-14 23:30:08,154000.0
201545,Data Engineer (Remote),Babylist,United States,Anywhere,Full-time,via Built In,2023-06-22 22:06:54,154000.0
417319,"Data Engineer (Austin, TX or Remote)",Babylist,United States,Anywhere,Full-time,via Built In Austin,2023-06-22 22:09:29,154000.0
193784,Data Engineer Lead or Consultant,Progressive,United States,Anywhere,Full-time,via Indeed,2023-06-01 21:30:27,153000.0
776655,Dovenmuehle Mortgage | Data Engineer - Direct Hire (Remote),Braintrust,United States,Anywhere,Full-time,via Built In,2023-02-19 08:09:14,152500.0
1101856,Snr Data Engineer,X4 Life Sciences,Sudan,Anywhere,Full-time,via LinkedIn,2023-02-20 14:53:24,152500.0
743266,"Staff Data Engineer (San Francisco, CA or Remote)",Huntress,United States,Anywhere,Full-time,via Built In San Francisco,2023-03-11 07:10:45,152500.0
579621,Staff Data Engineer,FinThrive,United States,Anywhere,Full-time,via LinkedIn,2023-06-02 13:30:04,152500.0
40954,Data Engineer -GCP - Solution Architect- Big Query,Capgemini Engineering,United States,Anywhere,Full-time,via LinkedIn,2023-02-16 15:35:47,152500.0
154129,Sr. Data Engineer - Remote,Take-Two Interactive Software,United States,Anywhere,Full-time,via Built In Seattle,2023-04-05 23:07:48,152000.0
486053,"Data Engineer (San Francisco, CA or Remote)",Atlassian,United States,Anywhere,Full-time,via Built In San Francisco,2023-12-02 07:19:38,151500.0
702127,Python Data Engineer (Remote),Logic20/20,United States,Anywhere,Full-time,via Built In,2023-12-21 03:04:45,151500.0
182193,Lead Data Engineer,RxSense,United States,Anywhere,Full-time,via LinkedIn,2023-06-26 13:07:00,151000.0
443489,Big Data Engineer / Senior Architect,Staffing Technologies,United States,Anywhere,Full-time,via LinkedIn,2023-01-31 20:33:45,151000.0
344742,Data Engineer (Remote),Multi Media,United States,Anywhere,Full-time,via Built In LA,2023-03-12 07:12:01,150500.0
32518,Sr. Data Engineer,CyberCoders,United States,Anywhere,Full-time,via Indeed,2023-06-27 12:30:44,150000.0
601391,Data Engineer,Frank Recruitment Group,United States,Anywhere,Full-time,via LinkedIn,2023-10-19 14:29:56,150000.0
168057,Sr. Data Engineer,CyberCoders,United States,Anywhere,Full-time,via Indeed,2023-06-12 13:26:34,150000.0
414624,Azure Data Engineer,Insight Global,United States,Anywhere,Full-time,via LinkedIn,2023-04-24 20:10:46,150000.0
638090,Sr. Data Engineer,Apex Systems,United States,Anywhere,Full-time,via LinkedIn,2023-04-07 15:04:04,150000.0
304193,AWS Data Engineer,Robert Half,United States,Anywhere,Full-time,via Robert Half,2023-01-26 20:08:22,150000.0
92735,Data Engineer (Python),"Take2 Consulting, LLC",Sudan,Anywhere,Full-time,via LinkedIn,2023-01-25 21:58:32,150000.0
385790,Data Engineer,CyberCoders,United States,Anywhere,Full-time,via LinkedIn,2023-02-14 11:05:10,150000.0
450779,Manager Data Engineer,Compass Digital,United States,Anywhere,Full-time,via LinkedIn,2023-03-14 22:15:27,150000.0
80422,Sr. Data Engineer,GRIN,United States,Anywhere,Full-time,via LinkedIn,2023-03-31 15:10:20,150000.0
82217,Principal Data Engineer,Jobility Talent Solutions (formerly Samiti Technology),United States,Anywhere,Full-time,via LinkedIn,2023-10-17 19:11:42,150000.0
496555,Data Engineer / Background in SQL / Migrate to AWS,Motion Recruitment,United States,Anywhere,Full-time,via Motion Recruitment,2023-12-18 08:07:15,150000.0
453200,Data Engineer Academy,Parabolic Career,United States,Anywhere,Full-time,via LinkedIn,2023-03-13 02:08:05,150000.0
109984,REMOTE Data Engineer - API and Ruby,Jobot,United States,Anywhere,Full-time,via LinkedIn,2023-12-10 11:06:28,150000.0
11079,REMOTE Data Svc Engineer - Ruby and REST API,Jobot,United States,Anywhere,Full-time,via LinkedIn,2023-12-26 10:28:37,150000.0
297711,Sr. Data Engineer,CyberCoders,United States,Anywhere,Full-time,via LinkedIn,2023-06-29 11:08:11,150000.0
135247,Lead Data Engineer,CyberCoders,United States,Anywhere,Full-time,via Indeed,2023-05-05 13:21:07,150000.0
134174,"Staff Engineer, Data Engineering- Rouse",Ritchie Bros.,United States,Anywhere,Full-time,via ZipRecruiter,2023-07-19 13:09:58,150000.0
41959,Data Engineer,Imprint Payments,United States,Anywhere,Full-time,via Wellfound,2023-12-14 13:07:47,150000.0
1816412,Big Data Engineer,Insight Global,United States,Anywhere,Full-time,via LinkedIn,2023-05-30 14:07:43,150000.0
341184,Mid to Senior Data Engineer / spark / pyspark / aws,Motion Recruitment,United States,Anywhere,Full-time,via Motion Recruitment,2023-01-06 08:06:21,150000.0
102791,Staff Data Engineer,IT Motives,United States,Anywhere,Full-time,via LinkedIn,2023-06-08 19:25:57,150000.0
327071,Sr. Data Engineer,GRIN,Sudan,Anywhere,Full-time,via LinkedIn,2023-03-14 18:54:05,150000.0
1457207,Data Engineer - REMOTE,CyberCoders,United States,Anywhere,Full-time,via Indeed,2023-06-16 18:42:54,150000.0
96717,Sr. Data Engineer,CyberCoders,United States,Anywhere,Full-time,via LinkedIn,2023-06-08 10:28:31,150000.0
11644,Snowflake + DBT – Data Engineer,E-Solutions,United States,Anywhere,Full-time,via LinkedIn,2023-10-04 20:10:00,150000.0
448262,Data Engineer,Stealth Startup,Sudan,Anywhere,Full-time,via LinkedIn,2023-04-20 01:13:44,150000.0
94956,Forward Deployed Data Engineer - Remote,Reality Defender,United States,Anywhere,Full-time,via LinkedIn,2023-10-17 15:09:38,150000.0
1000365,Lead Data Engineer - Alternative Energy Startup,CyberCoders,Sudan,Anywhere,Full-time,via LinkedIn,2023-05-15 16:41:28,150000.0
563327,Data Engineer,Ascendion,United States,Anywhere,Contractor,via LinkedIn,2023-05-30 15:06:27,150000.0
258623,Scientific Data Engineer (Remote Friendly),Berkeley Lab,Sudan,Anywhere,Full-time,via LinkedIn,2023-01-25 23:59:11,149874.0
16685,Google Cloud Platform Data Engineer,Stefanini,United States,Anywhere,Contractor,via Dice,2023-04-12 16:25:07,149000.0
617479,Agriculture Data Engineer,Mineral.ai,United States,Anywhere,Full-time,via LinkedIn,2023-09-21 17:04:50,149000.0
593180,Data Engineer - REMOTE,FreeWheel,United States,Anywhere,Full-time,via Indeed,2023-02-21 23:28:01,147730.59375
1700403,Staff Data Engineer,Fund That Flip,United States,Anywhere,Full-time,via AngelList,2023-04-19 19:31:42,147500.0
313646,Sr Data Engineer,1872 Consulting,United States,Anywhere,Full-time,via LinkedIn,2023-05-09 19:16:38,147500.0
1151513,Data Engineer - AI Start-Up,CodiFi,United States,Anywhere,Full-time,via LinkedIn,2023-10-30 12:03:13,147500.0
68120,Data Engineer,Insight Global,United States,Anywhere,Full-time,via LinkedIn,2023-03-31 17:07:47,147500.0
499462,Data Engineer,MSI International,United States,Anywhere,Full-time,via LinkedIn,2023-02-02 15:02:34,146500.0
479985,Data Engineer,kraken,United States,Anywhere,Full-time,via Indeed,2023-12-14 18:07:32,146500.0
919888,Data Engineer - Remote,One Medical,United States,Anywhere,Full-time,via Jobgether,2023-08-31 23:09:31,146500.0
672854,IT Specialist (Data Engineer),US Consumer Financial Protection Bureau,United States,Anywhere,Full-time,via Indeed,2023-04-20 16:06:06,146126.0
714280,"Big Data Engineer - PySpark (Seattle, WA or Remote)",Logic20/20,United States,Anywhere,Full-time,via Built In Seattle,2023-01-26 07:12:02,146000.0
332315,Big Data Engineer - PySpark,"Logic20/20, Inc.",United States,Anywhere,Full-time,via LinkedIn,2023-05-31 22:06:42,146000.0
251160,Big Data Engineer - PySpark (Remote),Logic20/20,United States,Anywhere,Full-time,via Built In,2023-01-26 07:12:40,146000.0
360011,Big Data Engineer - PySpark (Remote),Logic20/20,United States,Anywhere,Full-time,via Built In Seattle,2023-04-27 23:38:54,146000.0
333204,"Data Engineer (Remote, United States)",Dynatrace,United States,Anywhere,Full-time,via Built In San Francisco,2023-02-24 07:07:49,145000.0
339181,Data Engineer,Wagmo,Sudan,Anywhere,Full-time,via Indeed,2023-06-20 21:00:34,145000.0
54371,Data Engineer,Seneca Resources,United States,Anywhere,Full-time,via LinkedIn,2023-09-29 13:42:47,145000.0
719990,Staff Data Engineer - Full Time USC/GC,Applied Resource Group,United States,Anywhere,Full-time,via LinkedIn,2023-01-16 14:23:39,145000.0
165779,Data Engineer,Jobot,United States,Anywhere,Full-time,via LinkedIn,2023-09-09 11:06:00,145000.0
116886,Data Engineer,Lexicon Solutions,Sudan,Anywhere,Full-time,via LinkedIn,2023-02-08 20:05:45,145000.0
199996,Lead Data Engineer,Genpact,United States,Anywhere,Full-time,via LinkedIn,2023-08-23 19:10:17,145000.0
583137,Data Engineer,NextGen | GTA: A Kelly Telecom Company,Sudan,Anywhere,Contractor,via LinkedIn,2023-10-26 23:52:45,145000.0
199185,GCP Data Engineer,LTIMindtree,United States,Anywhere,Full-time,via LinkedIn,2023-09-20 16:53:11,145000.0
98717,Data Engineer,Government Tactical Solutions,United States,Anywhere,Full-time,via Indeed,2023-10-03 17:06:04,145000.0
210259,Data Engineer,Human Interest,United States,Anywhere,Full-time,via EchoJobs,2023-02-12 09:10:16,145000.0
459508,Data Engineer ll,Qventus,United States,Anywhere,Full-time,via Indeed,2023-08-11 20:08:30,145000.0
137477,Remote Data Engineer in Texas,CyberCoders,United States,Anywhere,Full-time,via LinkedIn,2023-04-19 11:13:28,145000.0
34359,Data Engineer,Motion Recruitment,United States,Anywhere,Full-time,via Motion Recruitment,2023-07-20 07:10:47,145000.0
97005,Data Engineer (Remote),Dynatrace,United States,Anywhere,Full-time,via Built In,2023-01-18 12:12:14,145000.0
621795,Lead Data Engineer,Hirewell,United States,Anywhere,Full-time,via LinkedIn,2023-04-26 17:09:28,145000.0
1006432,Sr Cloud Data Engineer,"Smart Solutions, Inc.",United States,Anywhere,Contractor,via LinkedIn,2023-06-16 16:45:30,145000.0
71015,Data Engineering Manager,eNGINE,Sudan,Anywhere,Full-time,via LinkedIn,2023-08-26 00:42:14,145000.0
14190,Data Engineer,Intelletec,Sudan,Anywhere,Full-time,via LinkedIn,2023-04-28 18:56:46,145000.0
71974,Geospatial Data Engineer,Government Tactical Solutions,United States,Anywhere,Full-time,via Indeed,2023-09-12 15:11:43,145000.0
313281,Oracle BI/Data Engineer - Fully Remote,CyberCoders,United States,Anywhere,Full-time,via LinkedIn,2023-08-11 12:11:08,145000.0
286559,Data Engineer,Edward Jones,United States,Anywhere,Full-time,via LinkedIn,2023-01-10 12:24:31,144481.5
267342,SQL Data Engineer / DBA,Tegria,United States,Anywhere,Full-time,via LinkedIn,2023-01-27 01:12:09,144000.0
111122,Sr Data Engineer (W2),Insight Global,United States,Anywhere,Full-time,via LinkedIn,2023-06-27 17:28:47,142500.0
68097,Data Engineer,TekStream Solutions,United States,Anywhere,Full-time,via LinkedIn,2023-01-19 14:54:05,142500.0
3452,AWS Data Engineer,Colaberry,United States,Anywhere,Full-time,via LinkedIn,2023-09-26 19:40:23,142500.0
130965,Sr. Data Engineer,Robert Half,United States,Anywhere,Contractor,via LinkedIn,2023-10-11 18:08:24,142500.0
20990,Cloud Data Engineer: DBA,Locate Software Inc,United States,Anywhere,Full-time,via Dice,2023-05-25 22:05:43,142500.0
302969,Lead Data Engineer,The Intersect Group,United States,Anywhere,Full-time,via LinkedIn,2023-01-10 22:23:02,142500.0
106921,SQL Data Engineer (Mid and Senior Level Openings),Insight Global,United States,Anywhere,Full-time,via LinkedIn,2023-07-21 15:09:09,140000.0
595209,100% REMOTE - LONG CONTRACT - Cloud Migration/Data Engineer,Protek Consulting,United States,Anywhere,Contractor,via ZipRecruiter,2023-06-29 14:09:24,140000.0
148316,Data Engineer,Intelletec,United States,Anywhere,Full-time,via LinkedIn,2023-02-28 02:07:46,140000.0
144290,Data Engineer,"Agile Resources, Inc.",United States,Anywhere,Full-time,via LinkedIn,2023-03-31 15:10:38,140000.0
575521,Data Engineering Tech Lead,Get It Recruit - Information Technology,United States,Anywhere,Full-time,via Get.It,2023-12-10 07:08:22,140000.0
660672,Sr. Data Engineer,Compri Consulting,Sudan,Anywhere,Full-time,via LinkedIn,2023-03-09 22:33:24,140000.0
1519749,Sr. Data Engineer,Jobot,United States,Anywhere,Full-time,via Indeed,2023-05-02 01:08:18,140000.0
487758,Azure Data Engineer,Brooksource,United States,Anywhere,Full-time,via LinkedIn,2023-07-05 18:08:49,140000.0
88380,Data Engineer,Robert Half,United States,Anywhere,Full-time,via Robert Half,2023-03-17 13:08:36,140000.0
379443,AWS Data Lake Engineer,Net2Source Inc.,Sudan,Anywhere,Full-time,via LinkedIn,2023-01-12 15:23:28,140000.0
817488,Azure Data Engineer -Databrick -Python -ETL,Capgemini,United States,Anywhere,Full-time,via LinkedIn,2023-10-03 18:08:59,140000.0
224908,Azure Data Engineer/Architect,Hexaware Technologies,United States,Anywhere,Full-time,via LinkedIn,2023-05-03 19:07:56,140000.0
136434,Data Engineer,Parabolic Career,Sudan,Anywhere,Full-time,via LinkedIn,2023-03-08 18:51:44,140000.0
474376,Data Engineer,Sierra ITS,United States,Anywhere,Full-time,via LinkedIn,2023-08-15 14:06:47,140000.0
771317,"Senior Software Engineer / Data Engineer, Golang",Chainlink Labs,Germany,Anywhere,Full-time,via Wellfound,2023-08-24 14:42:32,140000.0
238869,Lead Data Engineer,MatchPoint Solutions,United States,Anywhere,Contractor,via LinkedIn,2023-04-25 15:05:32,140000.0
307532,Data Engineer (PySpark),Benefitfocus,United States,Anywhere,Full-time,via LinkedIn,2023-06-09 15:08:49,140000.0
478068,Azure Data Engineer,Innova Solutions,United States,Anywhere,Full-time,via LinkedIn,2023-05-15 16:26:53,140000.0
994294,Sr. Data Engineer (remote),MultiPlan Inc.,United States,Anywhere,Full-time,via Indeed,2023-02-24 08:05:45,140000.0
1291141,Sr. Data Engineer,Compri Consulting,United States,Anywhere,Full-time,via LinkedIn,2023-05-05 15:29:24,140000.0
206310,Data Engineer,Insight Global,United States,Anywhere,Full-time,via LinkedIn,2023-07-13 12:07:36,140000.0
88167,Data Engineer,AE Business Solutions,United States,Anywhere,Full-time,via LinkedIn,2023-10-11 16:05:26,140000.0
584210,Data Engineer,Storm3,United States,Anywhere,Full-time,via LinkedIn,2023-09-29 08:07:49,140000.0
14432,Data Engineer - Team Lead,Get Well,United States,Anywhere,Full-time,via LinkedIn,2023-02-14 21:06:30,140000.0
103294,Big Data Engineer - PySpark (Remote),Logic20/20,United States,Anywhere,Full-time,via Built In Seattle,2023-01-14 19:11:09,140000.0
46459,Sr. Data Engineer,Stealth,United States,Anywhere,Full-time,via LinkedIn,2023-03-22 19:19:49,140000.0
378437,Data Science Engineer,Source Select Group,United States,Anywhere,Full-time,via ZipRecruiter,2023-03-07 17:28:43,140000.0
77735,Data Engineer (Remote),Genius Sports,United States,Anywhere,Full-time,via Built In,2023-11-08 07:02:08,140000.0
100145,Data Engineer,Meo Staffing,United States,Anywhere,Full-time,via Get.It,2023-10-29 13:00:16,140000.0
158082,Data Engineer,Premier Group Recruitment,United States,Anywhere,Full-time,via LinkedIn,2023-03-09 17:07:58,140000.0
55738,Sr. Data Engineer,Compri Consulting,United States,Anywhere,Full-time,via LinkedIn,2023-07-10 16:06:31,140000.0
257460,Big Data Engineer,Robert Half,United States,Anywhere,Full-time,via Robert Half,2023-01-30 13:07:45,140000.0
121836,Data Engineer,Quest Groups LLC,United States,Anywhere,Full-time,via LinkedIn,2023-04-12 14:27:55,140000.0
53334,Data Engineer - Energy Decarbonization,WattCarbon,United States,Anywhere,Full-time,via AngelList,2023-01-16 03:10:21,140000.0
54808,Sr Data Engineer - Remote,"The Hartford Financial Services Group, Inc.",United States,Anywhere,Full-time,via ProActuary,2023-04-23 08:07:07,138200.0
920469,Data Analytics Engineer,Get It Recruit - Information Technology,United States,Anywhere,Full-time,via Get.It,2023-10-26 10:01:25,138000.0
309486,Data Engineer - Hybrid,Hire With Jarvis,Sudan,Anywhere,Full-time,via LinkedIn,2023-04-05 14:34:37,137500.0
447305,Data Engineer Remote / Telecommute Jobs,Acclaim Technical Services,Sudan,Anywhere,Full-time,via Clearance Jobs,2023-05-15 20:39:59,137500.0
46103,NiFi Dataflow Developer / Data Engineer,STEPS,United States,Anywhere,Full-time,via LinkedIn,2023-04-18 14:10:57,137500.0
84204,Sr Data Engineer,Mondo,United States,Anywhere,Full-time,via LinkedIn,2023-10-05 19:05:14,137500.0
105532,Azure Data Engineer,Jobot,United States,Anywhere,Full-time,via LinkedIn,2023-08-12 10:07:37,137500.0
102213,Data Engineer (Remote),Atomic VC,United States,Anywhere,Full-time,via Built In,2023-06-28 07:10:29,137500.0
78095,Sr. Data Engineer,Flexton Inc.,United States,Anywhere,Full-time,via LinkedIn,2023-04-26 12:14:17,137500.0
833995,AWS Data Engineer,e-Business International Inc,United States,Anywhere,Full-time,via LinkedIn,2023-03-08 21:06:36,137500.0
167395,Azure Data Engineer,Jobot,United States,Anywhere,Full-time,via Indeed,2023-04-22 07:45:54,137500.0
143784,Azure Data Engineer,Jobot,Sudan,Anywhere,Full-time,via LinkedIn,2023-10-23 09:52:53,137500.0
96350,Data Engineer Remote / Telecommute Jobs,Amplify Federal,United States,Anywhere,Full-time,via Clearance Jobs,2023-10-19 19:34:43,137500.0
401756,Data Engineer,Endeavor,United States,Anywhere,Full-time,via LinkedIn,2023-04-10 22:04:11,137500.0
115047,Data Engineer,Robert Half,Sudan,Anywhere,Full-time,via LinkedIn,2023-03-15 12:39:09,137500.0
23031,Data Engineer Architect,ConsultStaff,United States,Anywhere,Full-time,via LinkedIn,2023-10-16 16:27:21,137500.0
31231,Data Engineer,WEX,Sudan,Anywhere,Full-time,via LinkedIn,2023-05-03 16:00:08,137500.0
54455,Data Engineer,greenville triumph,United States,Anywhere,Full-time,via Indeed,2023-01-02 18:08:05,137320.3125
413515,Data Engineer,1 Point System,United States,Anywhere,Full-time,via Indeed,2023-01-09 19:10:18,137290.484375
1419888,Data and Analytics Intern,Get It Recruit - Hospitality,United States,Anywhere,Full-time and Internship,via Get.It,2023-09-23 19:48:08,136500.0
369633,Data Engineer (Remote Option),Balsam Brands,United States,Anywhere,Full-time,via Built In,2023-06-24 06:07:48,136500.0
662408,Data Engineer,Get It Recruit - Information Technology,United States,Anywhere,Full-time,via Get.It,2023-11-15 06:07:15,136000.0
760062,Data Engineer,Get It Recruit - Information Technology,United States,Anywhere,Full-time,via Get.It,2023-07-08 10:08:26,136000.0
400309,Data Engineer,Get It Recruit - Information Technology,United States,Anywhere,Full-time,via Get.It,2023-11-18 08:18:32,136000.0
298414,AWS Data Engineer (remote),Cognizant Technology Solutions,United States,Anywhere,Full-time,via Indeed,2023-06-06 16:28:17,135500.0
118984,Sr. Data Engineer,"GlobalLogic, Inc.",United States,Anywhere,Full-time,via Dice,2023-02-08 18:58:23,135000.0
54292,Data Engineer,"Stellar Consulting Solutions, LLC",United States,Anywhere,Full-time and Contractor,via LinkedIn,2023-11-13 22:29:29,135000.0
594518,Data Engineer,ZOLL Data Systems,United States,Anywhere,Full-time,via Indeed,2023-01-15 20:59:23,135000.0
43216,Data Engineering Professional,Get It Recruit - Information Technology,United States,Anywhere,Full-time,via Get.It,2023-12-21 08:07:13,135000.0
94235,Microsoft 365 Data and Analytics Engineer,Hexaware Technologies,Sudan,Anywhere,Full-time,via LinkedIn,2023-11-08 17:04:29,135000.0
1239262,Data Engineer - Fully remote & Permanent,Insight Global,United States,Anywhere,Full-time,via Indeed,2023-06-06 12:07:17,135000.0
314057,Data Engineer/Data Modeler - Fully remote and Permanent,Insight Global,United States,Anywhere,Full-time,via LinkedIn,2023-06-05 20:50:48,135000.0
629739,Sr. Data Engineer (100% remote),Prosum,United States,Anywhere,Full-time,via Indeed,2023-06-05 21:08:17,135000.0
343635,Data Engineering Expert,Get It Recruit - Information Technology,Sudan,Anywhere,Full-time,via Get.It,2023-10-22 08:46:20,135000.0
473049,Sr. Data Engineer (remote),MultiPlan Inc.,Sudan,Anywhere,Full-time,via Indeed,2023-03-09 19:33:02,135000.0
25405,$140K/YR - Data Engineer( Python/Kafka / AWS LAMBDA)- 100% Remote,Lorien,Sudan,Anywhere,Contractor,via LinkedIn,2023-09-19 17:17:33,135000.0
144430,Data Engineer,Robert Half,United States,Anywhere,Full-time,via LinkedIn,2023-10-10 18:42:13,135000.0
37582,AWS Data Engineer,Fractal,United States,Anywhere,Full-time,via LinkedIn,2023-04-17 18:07:55,135000.0
439589,"Data Engineer (Python, GCP)",OtterBase,Sudan,Anywhere,Full-time,via LinkedIn,2023-10-30 21:52:25,135000.0
19318,Data Engineer,CyberCoders,United States,Anywhere,Full-time,via LinkedIn,2023-03-05 11:07:36,135000.0
96133,Data Engineer,Jobot,United States,Anywhere,Full-time,via LinkedIn,2023-10-29 11:04:40,135000.0
759551,Data Engineer,LHH,United States,Anywhere,Full-time,via LinkedIn,2023-07-24 19:07:07,135000.0
38592,"Data Engineer, DataOps (Remote)",NBCUniversal,United States,Anywhere,Full-time,via Built In LA,2023-02-23 07:25:26,135000.0
552158,Data Engineer - Remote,CEDARS-SINAI,United States,Anywhere,Full-time,via Indeed,2023-08-31 13:09:44,135000.0
493395,Sr. Data Engineer - (Snowflake and SAP),Prosum,United States,Anywhere,Full-time,via LinkedIn,2023-05-04 20:07:31,135000.0
163817,Lead Data Engineer,ICF,United States,Anywhere,Full-time,via Indeed,2023-02-20 16:04:39,135000.0
32236,Azure Data Engineer,"Stellar Consulting Solutions, LLC",United States,Anywhere,Full-time and Contractor,via LinkedIn,2023-11-22 15:10:50,135000.0
1229259,AWS Data Engineer,Effectual Inc.,Sudan,Anywhere,Full-time,via LinkedIn,2023-08-09 13:16:17,135000.0
76345,Data Engineer,"Yoh, A Day & Zimmermann Company",Sudan,Anywhere,Full-time,via LinkedIn,2023-01-25 13:58:57,135000.0
642907,Data Engineer (Remote - California Residents Only),Identified Talent Solutions,United States,Anywhere,Full-time,via ZipRecruiter,2023-05-24 08:06:42,135000.0
160053,REMOTE Data Engineer,ATech Placement,United States,Anywhere,Contractor,via ZipRecruiter,2023-01-12 18:08:39,135000.0
226821,Sr. Data Engineer (remote),MultiPlan Inc.,United States,Anywhere,Full-time,via Indeed,2023-10-26 19:05:43,135000.0
438249,Data Engineer,Vested,United States,Anywhere,Full-time,via Wellfound,2023-08-04 20:01:17,135000.0
467483,Data Science & Technology Integration - Engineer,Allstate Insurance Company,United States,Anywhere,Full-time,via ProActuary,2023-08-02 07:05:00,134775.0
498033,Data Engineer (Remote),Verana Health,United States,Anywhere,Full-time,via Built In,2023-08-16 07:24:29,134415.0
1513127,Data Engineer (Remote),Momentive.ai,United States,Anywhere,Full-time,via Built In,2023-12-09 01:07:35,133600.0
122491,Data Engineer,Get It Recruit - Information Technology,United States,Anywhere,Full-time,via Get.It,2023-10-31 09:06:41,133500.0
60470,Data Engineer,Get It Recruit - Information Technology,United States,Anywhere,Full-time,via Get.It,2023-09-17 09:08:32,133500.0
392092,Data Engineer,Get It Recruit - Information Technology,United States,Anywhere,Full-time,via Get.It,2023-10-14 09:08:04,133000.0
123940,Remote Data Engineer,Insight Global,United States,Anywhere,Full-time,via LinkedIn,2023-03-13 15:14:03,132500.0
636098,Data Engineer (Remote),Designit,Sudan,Anywhere,Full-time,via Built In,2023-07-29 01:41:15,132500.0
1519703,Remote AWS Data Engineer,Insight Global,United States,Anywhere,Full-time,via LinkedIn,2023-03-01 15:13:32,132500.0
23163,AWS Data Engineer,StaffSource,United States,Anywhere,Full-time,via ZipRecruiter,2023-10-04 21:08:57,132500.0
121311,Sr. Data Engineer,Collabera,United States,Anywhere,Full-time,via LinkedIn,2023-06-22 18:06:47,132500.0
75439,Data Engineer III,Altais,United States,Anywhere,Full-time,via Indeed,2023-12-06 23:04:07,132500.0
59300,Data Engineer,dv01,United States,Anywhere,Full-time,via LinkedIn,2023-03-24 19:32:39,132500.0
76018,Data Engineer,RightPro Staffing,United States,Anywhere,Full-time,via LinkedIn,2023-08-08 18:07:58,132500.0
357738,Data Engineer,Insight Global,United States,Anywhere,Full-time,via LinkedIn,2023-07-09 19:04:24,132500.0
362865,Data Engineer,Dedham Group,United States,Anywhere,Full-time,via ZipRecruiter,2023-11-15 11:06:02,132500.0
116621,IIOT & SCADA Data Engineer,"NTT Global Data Centers Americas, Inc.",United States,Anywhere,Full-time,via Indeed,2023-06-17 13:07:51,132000.0
230022,Data Engineer,DealNews,United States,Anywhere,Full-time,via ZipRecruiter,2023-06-23 14:07:32,132000.0
12696,Data Warehouse Engineer,Searchability,Sudan,Anywhere,Full-time,via LinkedIn,2023-01-24 17:01:08,131000.0
1011988,Data Engineer III,Get It Recruit - Information Technology,United States,Anywhere,Full-time,via Get.It,2023-11-11 09:07:24,131000.0
815546,Big Data Engineer,Basis Technologies,United States,Anywhere,Full-time,via ZipRecruiter,2023-05-15 07:27:38,130500.0
414621,Big Data Engineer (Remote),Basis Technologies,United States,Anywhere,Full-time,via Built In Boston,2023-06-28 20:08:31,130500.0
29776,Azure Data Engineer,ApTask,United States,Anywhere,Full-time,via LinkedIn,2023-10-20 16:09:37,130000.0
242275,Data Engineer (Remote),Ibotta,United States,Anywhere,Full-time,via Built In,2023-11-18 01:02:48,130000.0
58156,Data Engineer,EmpiRx Health,United States,Anywhere,Full-time,via LinkedIn,2023-10-05 15:07:33,130000.0
99812,Data Engineer,Robert Half,United States,Anywhere,Full-time,via LinkedIn,2023-03-28 18:10:31,130000.0
333988,"Data Engineer (Greater NYC Area, NY or Remote)",Amplify,United States,Anywhere,Full-time,via Built In NYC,2023-03-16 03:06:18,130000.0
441728,AWS data Engineer,E-business International Inc,United States,Anywhere,Full-time,via Indeed,2023-02-16 16:09:05,130000.0
406665,Sr. Data Engineer Remote Opportunity,Fathom Management LLC,United States,Anywhere,Full-time,via Indeed,2023-03-10 16:13:49,130000.0
151627,Data Engineer,Robert Half,United States,Anywhere,Full-time,via Dice,2023-11-11 01:24:19,130000.0
195938,GCP Data Engineer,Clairvoyant,United States,Anywhere,Full-time,via Indeed,2023-10-06 16:38:18,130000.0
196420,Data Engineer,Sourcemantra Inc,United States,Anywhere,Full-time,via Indeed,2023-01-23 21:08:50,130000.0
185937,Senior ML / Data Engineer,Kforce Technology Staffing,United States,Anywhere,Contractor,via Dice,2023-01-09 17:09:30,130000.0
355553,Data Engineer,Centific,United States,Anywhere,Full-time,via LinkedIn,2023-02-24 17:05:30,130000.0
149489,Data Engineer,KTek Resourcing,Canada,Anywhere,Full-time,via LinkedIn,2023-03-02 21:24:15,130000.0
185132,Data Engineer,Vaco,Sudan,Anywhere,Full-time,via Indeed,2023-04-20 21:23:20,130000.0
226975,Data Engineer,Respondology,United States,Anywhere,Full-time,via LinkedIn,2023-03-28 21:10:49,130000.0
228631,Sr. Data Engineer,eNGINE,United States,Anywhere,Full-time,via LinkedIn,2023-02-17 21:13:24,130000.0
516556,Sr. Data Engineer,Jade Global,United States,Anywhere,Full-time,via LinkedIn,2023-08-30 21:11:07,130000.0
2381,Data Engineer-AWS Pipeline Developer (Python),CBTS,United States,Anywhere,Contractor,via LinkedIn,2023-07-31 16:10:43,130000.0
165481,Lead Data Engineer / Architect,Motion Recruitment,Canada,Anywhere,Full-time,via Motion Recruitment,2023-06-26 07:10:32,130000.0
59682,Data Scientist Engineer,Source Select Group,United States,Anywhere,Full-time,via ZipRecruiter,2023-01-09 15:41:03,130000.0
180780,AWS Data Engineer,e-Business International Inc,United States,Anywhere,Full-time,via LinkedIn,2023-02-17 19:57:33,130000.0
182304,Data Engineer,UP TOP,United States,Anywhere,Full-time,via LinkedIn,2023-05-15 13:22:59,130000.0
117242,GCP Data Engineer (FTE Only),Tekshapers Inc,United States,Anywhere,Full-time,via Indeed,2023-09-06 18:04:47,130000.0
331003,Data Engineer 3 (Remote),LHH,United States,Anywhere,Full-time,via LinkedIn,2023-02-13 18:07:11,130000.0
1075889,AWS DynamoDB Data Engineer -Remote,"Kelly Science, Engineering, Technology & Telecom",United States,Anywhere,Full-time,via LinkedIn,2023-07-26 01:06:15,130000.0
526252,100% Remote Software/Data Engineer,Agility Partners,United States,Anywhere,Full-time,via LinkedIn,2023-03-07 14:31:54,130000.0
21515,Data Engineer,Agility Partners,United States,Anywhere,Full-time,via LinkedIn,2023-01-11 19:08:39,130000.0
45683,Data Engineer,Thomas-Matthew Associates,United States,Anywhere,Full-time,via Indeed,2023-06-05 14:50:55,130000.0
375386,Data Engineer,Get It Recruit - Information Technology,United States,Anywhere,Full-time,via Get.It,2023-11-30 08:02:25,130000.0
342187,Sr. Data Engineer,Compri Consulting,United States,Anywhere,Full-time,via LinkedIn,2023-04-12 21:02:25,130000.0
904406,Data Engineer,Gridiron IT,United States,Anywhere,Full-time,via Indeed,2023-03-14 13:12:59,130000.0
71527,Data Engineer,EPMintegrators,United States,Anywhere,Contractor,via LinkedIn,2023-10-05 14:07:08,130000.0
81440,Sr. Data Engineer,CardWorks Servicing,United States,Anywhere,Full-time,via Indeed,2023-12-22 14:50:11,129373.0
174999,Data Engineer,ProFocus Technology,United States,Anywhere,Full-time,via LinkedIn,2023-11-02 16:12:35,128000.0
425331,Data Engineer,"Smart Solutions, Inc.",United States,Anywhere,Contractor,via LinkedIn,2023-03-08 17:08:29,127500.0
366184,Data Engineer with Mulesoft,Motion Recruitment,United States,Anywhere,Full-time,via Motion Recruitment,2023-09-20 07:06:24,127500.0
251569,Data Engineer,Apex Systems,United States,Anywhere,Full-time,via LinkedIn,2023-01-26 15:10:15,127500.0
1651366,Data Engineer,"TheoremOne, LLC",Sudan,Anywhere,Full-time,via Indeed,2023-09-05 17:56:01,127500.0
70516,Azure Data Engineer,Qual IT Resources,United States,Anywhere,Full-time,via LinkedIn,2023-08-16 13:22:47,127500.0
669673,Sr Data Engineer I,Tandem Diabetes Care Inc.,United States,Anywhere,Full-time,via Indeed,2023-09-16 00:06:11,127500.0
878192,Data Engineer (Remote),Kalderos,United States,Anywhere,Full-time,via Built In Chicago,2023-04-21 23:27:06,127500.0
764472,Data Engineer II,Rightway,United States,Anywhere,Full-time,via Indeed,2023-09-05 20:05:42,127500.0
538686,Data Engineer,Get It Recruit - Information Technology,United States,Anywhere,Full-time and Contractor,via Get.It,2023-11-09 13:05:24,125500.0
30587,Azure Data Engineer,Fractal,United States,Anywhere,Full-time,via LinkedIn,2023-10-04 20:08:14,125000.0
889978,"Lead AWS Data Engineer(PySpark, Databricks, AWS)",Gratiture Solutions,Sudan,Anywhere,Contractor,via ZipRecruiter,2023-07-18 21:22:34,125000.0
143275,Data Engineer,RightPro Staffing,United States,Anywhere,Full-time,via LinkedIn,2023-08-19 14:09:06,125000.0
129928,Data Engineer/Data Architect (with Asset Management),Net2Source Inc.,Sudan,Anywhere,Full-time,via LinkedIn,2023-02-14 14:34:06,125000.0
205877,Data Engineer,A-Line Staffing Solutions,United States,Anywhere,Full-time,via ZipRecruiter,2023-03-23 12:17:01,125000.0
376866,Snowflake Data Engineer,LTIMindtree,United States,Anywhere,Full-time,via LinkedIn,2023-10-12 18:27:42,125000.0
488626,Azure Data Engineer,Medix Technology,United States,Anywhere,Full-time,via LinkedIn,2023-02-23 19:19:14,125000.0
99714,Remote Data Engineer,Insight Global,United States,Anywhere,Full-time,via LinkedIn,2023-07-19 17:07:51,125000.0
25889,Data Engineer Consultant,"Datasource Consulting, an EXL company",United States,Anywhere,Full-time,via LinkedIn,2023-06-21 17:09:59,125000.0
102292,100% REMOTE - LONG CONTRACT - Cloud Migration/Data Engineer,Protek Consulting,United States,Anywhere,Contractor,via ZipRecruiter,2023-07-14 17:08:37,125000.0
535049,Lead Data Engineer,Molecular Testing Labs,United States,Anywhere,Full-time,via LinkedIn,2023-03-14 17:48:52,125000.0
477167,Adobe Data Engineer,Apex Systems,United States,Anywhere,Full-time,via LinkedIn,2023-04-24 19:09:24,125000.0
193623,Data Engineer,Union Home Mortgage Corp.,Sudan,Anywhere,Full-time,via LinkedIn,2023-02-01 20:58:58,125000.0
127086,Data Engineer (Remote),Buzzer,United States,Anywhere,Full-time,via Built In,2023-06-08 06:47:34,125000.0
17967,Data Engineer,HirePlace,United States,Anywhere,Full-time,via LinkedIn,2023-10-25 18:10:23,125000.0
633598,Data Engineer,Leeds Professional Resources,United States,Anywhere,Full-time,via LinkedIn,2023-02-14 15:25:53,125000.0
6673,Big Data Engineer,Bechtel Corporation,United States,Anywhere,Full-time,via LinkedIn,2023-04-07 14:45:23,125000.0
216174,Data Engineer,GoodUnited,United States,Anywhere,Full-time,via LinkedIn,2023-06-13 13:05:11,125000.0
61323,Data Engineer,Get It Recruit - Information Technology,United States,Anywhere,Full-time,via Get.It,2023-12-22 10:06:54,124500.0
70079,Lead Data Engineer (Remote),Aegon,United States,Anywhere,Full-time,via Built In,2023-02-21 08:29:49,124500.0
501139,Data Engineer (CloverDX),Benefitfocus,United States,Anywhere,Full-time,via LinkedIn,2023-07-13 17:07:20,124000.0
596574,Data Engineer,GRIN,Canada,Anywhere,Full-time,via LinkedIn,2023-01-23 23:15:12,124000.0
33889,Data Engineer,Get It Recruit - Information Technology,United States,Anywhere,Full-time,via Get.It,2023-10-21 07:06:49,123500.0
115944,Data Engineer,Concero,United States,Anywhere,Full-time,via LinkedIn,2023-02-14 17:51:36,122500.0
310176,Remote SAP Data Engineer,Insight Global,United States,Anywhere,Contractor,via LinkedIn,2023-04-28 21:01:11,122500.0
70902,Data Engineer,Get It Recruit - Information Technology,United States,Anywhere,Full-time,via Get.It,2023-10-06 09:05:22,122500.0
200718,Data Engineer,ECOM,United States,Anywhere,Full-time,via LinkedIn,2023-07-12 17:06:44,122500.0
13219,Data Engineer,ECOM,United States,Anywhere,Full-time and Contractor,via LinkedIn,2023-11-13 15:06:17,122500.0
429620,DBA/Data Engineer,NuTechs LLC,United States,Anywhere,Full-time,via ZipRecruiter,2023-03-28 14:11:19,122500.0
943933,"Data Engineer (GCP, BigQuery, Informatica)",Seneca Resources,Sudan,Anywhere,Full-time,via LinkedIn,2023-09-25 18:39:46,122500.0
97022,Data Engineer II,MATRIX Resources,United States,Anywhere,Full-time,via LinkedIn,2023-01-23 22:08:06,122500.0
19762,Data Engineer,Insight Global,Sudan,Anywhere,Full-time,via LinkedIn,2023-05-24 16:10:37,122500.0
417224,Data Engineer (SQL Developer),Realtime Recruitment,United States,Anywhere,Full-time,via LinkedIn,2023-01-13 12:09:14,122500.0
116812,SAP Data Engineer,Insight Global,United States,Anywhere,Full-time,via LinkedIn,2023-05-09 14:19:04,122500.0
11904,Data Engineer,Plexus Resource Solutions,United States,Anywhere,Full-time,via LinkedIn,2023-11-20 10:08:53,122500.0
237570,ETL Data Engineer,Ascendion,United States,Anywhere,Full-time,via LinkedIn,2023-10-05 00:06:32,122500.0
71964,Data Engineer,RightPro Staffing,United States,Anywhere,Full-time,via LinkedIn,2023-09-19 15:07:03,122500.0
159316,Sr. Data Engineer(W2 only Remote),EPMintegrators Inc.,United States,Anywhere,Contractor,via LinkedIn,2023-01-05 17:01:10,122500.0
673370,Remote AWS Data Engineer,Insight Global,United States,Anywhere,Full-time and Contractor,via LinkedIn,2023-10-02 12:28:59,122500.0
1413232,Data Engineer,Apt,United States,Anywhere,Full-time,via LinkedIn,2023-09-21 20:04:48,122500.0
1781950,Salesforce Data Engineer,O'Reilly Auto Parts,United States,Anywhere,Full-time,via LinkedIn,2023-08-12 14:07:39,122500.0
1664374,Cloud Data Engineer,SNI Companies,United States,Anywhere,Full-time,via LinkedIn,2023-04-05 16:05:48,122500.0
1106107,Data Engineer 100% Remote Direct Hire Fortune 60 Co Salary up to...,Confidential,United States,Anywhere,Full-time,via LinkedIn,2023-06-14 16:08:29,122500.0
525959,Senior Data Engineer 100% Remote,Sysco,United States,Anywhere,Full-time,via LinkedIn,2023-02-13 16:07:25,122500.0
1166001,"Data Engineer IV (MDM & PIM) (Greater Denver Area, CO or Remote)",GHX,United States,Anywhere,Full-time,via Built In Colorado,2023-02-15 22:11:22,122500.0
66950,Data Engineer Data & Analytics 1412382,Cisco,United States,Anywhere,Full-time,via LinkedIn,2023-12-07 17:10:47,122000.0
265293,Data Integration Engineer,Worldly,United States,Anywhere,Full-time,via JazzHR,2023-09-25 00:04:01,121500.0
66922,Data Engineer -GCP - Solution Architect- Big Query,Capgemini Engineering,United States,Anywhere,Full-time,via LinkedIn,2023-04-17 15:05:27,120000.0
7539,Data Engineer,"IDR, Inc.",United States,Anywhere,Full-time,via LinkedIn,2023-02-13 20:08:40,120000.0
91268,Data Engineer Consultant,EXL Data Management,United States,Anywhere,Full-time,via LinkedIn,2023-09-15 22:56:49,120000.0
136572,Data Engineer with Databricks,GTECH LLC,United States,Anywhere,Full-time,via Indeed,2023-09-07 13:43:44,120000.0
132773,Remote - Data Engineer - Permanent - W2,Apex Systems,United States,Anywhere,Full-time,via LinkedIn,2023-02-21 13:29:59,120000.0
189163,Client Support Engineer (Data Engineer),Cardlytics,United States,Anywhere,Full-time,via LinkedIn,2023-06-22 19:26:41,120000.0
817115,Data Engineer,hackajob,United States,Anywhere,Full-time,via LinkedIn,2023-12-06 17:05:16,120000.0
73520,Data Engineer,Insight Global,Sudan,Anywhere,Full-time,via LinkedIn,2023-05-31 13:17:28,120000.0
44654,Data Engineer,byte®,Sudan,Anywhere,Full-time,via LinkedIn,2023-08-17 16:38:56,120000.0
186073,Data Engineer II,Medical Solutions,United States,Anywhere,Full-time,via LinkedIn,2023-01-09 17:06:47,120000.0
803033,Azure Cloud Data Engineer,JR Software Solutions,United States,Anywhere,Full-time,via LinkedIn,2023-05-09 20:24:27,120000.0
1805108,Sr Data Engineer,Teleperformance,Belgium,Anywhere,Full-time,via Dice,2023-02-22 18:14:43,120000.0
591975,Snowflake Data Engineer,Wellness Health Careers,United States,Anywhere,Full-time,via ZipRecruiter,2023-11-25 03:06:35,120000.0
373518,Data Engineer,Robert Half,United States,Anywhere,Full-time,via ZipRecruiter,2023-12-07 14:10:43,120000.0
71014,Data Engineer,Insight Global,United States,Anywhere,Full-time,via LinkedIn,2023-03-28 16:10:02,120000.0
63847,Data Engineer (Spark),Burtch Works,Sudan,Anywhere,Full-time,via LinkedIn,2023-11-14 20:19:53,120000.0
8004,Data Engineer,Daash Intelligence,Sudan,Anywhere,Full-time,via LinkedIn,2023-09-29 16:18:53,120000.0
397306,Data Engineer,Gateway Professional Network,United States,Anywhere,Full-time,via Indeed,2023-02-02 16:09:13,120000.0
178948,Sr. Data Engineer,eNGINE,United States,Anywhere,Full-time,via LinkedIn,2023-02-15 13:11:40,120000.0
15610,Data Engineer,"Pivotal Solutions, Inc.",Sudan,Anywhere,Full-time,via ZipRecruiter,2023-07-06 18:41:25,120000.0
677740,Data Engineer,Prestige Staffing,United States,Anywhere,Full-time,via Dice,2023-02-08 15:58:38,120000.0
60110,Remote Data Engineer,Insight Global,United States,Anywhere,Full-time,via LinkedIn,2023-09-22 14:09:11,120000.0
28620,Data Engineer,Q-Centrix,Sudan,Anywhere,Full-time,via LinkedIn,2023-08-16 15:12:53,120000.0
58121,Sr. Data Engineer,CyberCoders,United States,Anywhere,Full-time,via LinkedIn,2023-01-11 11:48:08,120000.0
152470,Machine Learning/Data Engineer,Red Marker,Australia,Anywhere,Full-time,via LinkedIn,2023-10-23 05:27:08,120000.0
226649,REMOTE Data Engineer,Insight Global,United States,Anywhere,Full-time,via LinkedIn,2023-06-16 19:45:11,120000.0
126939,Data Engineer,BioIntelliSense,United States,Anywhere,Full-time,via EchoJobs,2023-01-08 07:04:55,120000.0
200166,Azure Data Engineer,GTECH LLC,Sudan,Anywhere,Full-time,via Indeed,2023-10-11 13:32:17,120000.0
1629193,Data Engineer,Gateway Professional Network,United States,Anywhere,Full-time,via Indeed,2023-03-09 15:13:21,120000.0
468841,Data Engineer,Omneky,United States,Anywhere,Full-time,via Wellfound,2023-11-20 07:05:43,120000.0
964555,Software/Data Engineer (Python/C#),Agility Partners,United States,Anywhere,Full-time,via LinkedIn,2023-03-07 15:34:52,119500.0
61931,Data Engineer,ECOM,Sudan,Anywhere,Full-time,via LinkedIn,2023-10-02 17:40:32,119500.0
262108,Data Engineer,Get It Recruit - Information Technology,United States,Anywhere,Full-time,via Get.It,2023-12-30 09:16:19,119000.0
319487,Data Engineer,Get It Recruit - Information Technology,United States,Anywhere,Full-time,via Get.It,2023-07-05 14:08:31,118000.0
595682,Data Engineer w/Airflow - no C2C,MAKE Corporation,United States,Anywhere,Contractor,via LinkedIn,2023-04-13 14:07:56,118000.0
201085,Full Stack Software/Data Engineer,Creative Financial Staffing (CFS),Sudan,Anywhere,Full-time,via ZipRecruiter,2023-05-01 12:32:31,117500.0
255547,Cloud Data Engineer - Flink/Python/PySpark,Infobahn Solutions Inc.,United States,Anywhere,Full-time,via Indeed,2023-07-24 03:21:17,117500.0
81873,Data Engineer,Robert Half,United States,Anywhere,Full-time,via LinkedIn,2023-06-12 19:26:03,117500.0
301720,Data Engineer,Swoon,United States,Anywhere,Contractor,via LinkedIn,2023-03-02 17:12:16,117500.0
542235,REMOTE AWS Data Engineer,Insight Global,United States,Anywhere,Full-time,via LinkedIn,2023-04-19 14:08:11,117500.0
719293,Data Engineer,hackajob,United States,Anywhere,Full-time,via LinkedIn,2023-11-18 14:06:01,117500.0
445834,Level 2 Data Engineer,Encore Technologies,Sudan,Anywhere,Full-time,via LinkedIn,2023-07-21 21:02:16,117500.0
643,Remote Data Engineer,CyberCoders,United States,Anywhere,Full-time,via Indeed,2023-04-24 13:09:37,117500.0
242925,Data Engineer,Insight Global,United States,Anywhere,Full-time,via LinkedIn,2023-03-28 16:14:38,117500.0
1531,Healthcare Data Engineer,RightPro Staffing,United States,Anywhere,Full-time,via LinkedIn,2023-04-21 12:10:05,117500.0
1161544,LEAD DATA ENGINEER,Lumen,United States,Anywhere,Full-time,via Indeed,2023-08-01 07:44:46,117030.0
388353,Data Engineer,Snelling Staffing,United States,Anywhere,Full-time,via Indeed,2023-04-27 19:07:04,116682.5
321904,"Data Engineer, Power BI",Leading Edge,United States,Anywhere,Full-time,via ZipRecruiter,2023-04-06 13:08:48,116000.0
1299979,Data Engineer,Get It Recruit - Information Technology,United States,Anywhere,Full-time,via Get.It,2023-08-12 14:04:53,116000.0
110492,Cloud Data Engineer,Alludo,United States,Anywhere,Full-time,via LinkedIn,2023-04-18 21:09:15,115495.0
9647,Data Engineer,Johns Hopkins University,United States,Anywhere,Full-time,via Indeed,2023-05-04 07:12:47,115150.0
592049,Data Engineer,Genesis Capital,United States,Anywhere,Full-time,via ZipRecruiter,2023-07-26 19:09:14,115000.0
322256,Data Engineer (Remote),Acentra Health,United States,Anywhere,Full-time,via Indeed,2023-06-27 23:30:01,115000.0
74616,Data Engineer - Remote (Req. #544),Mindex,United States,Anywhere,Full-time,via LinkedIn,2023-09-15 17:05:23,115000.0
787161,Data Engineer,Medix™,United States,Anywhere,Contractor,via LinkedIn,2023-04-28 18:10:09,115000.0
1439241,Data Engineer,Insight Global,United States,Anywhere,Full-time,via LinkedIn,2023-07-26 21:09:48,115000.0
510007,AWS Data Engineer,Sanametrix,United States,Anywhere,Full-time,via Indeed,2023-02-24 19:07:53,115000.0
216532,Data Engineer,Adaptive Solutions Group,United States,Anywhere,Full-time,via LinkedIn,2023-03-21 14:30:15,115000.0
501605,SAS Viya Data Engineer,Alphident Technologies Inc,United States,Anywhere,Full-time,via LinkedIn,2023-08-31 08:16:35,115000.0
306341,Principal Data Engineer,Cambium Learning Group,United States,Anywhere,Full-time,via LinkedIn,2023-04-06 17:06:09,115000.0
689706,Data Engineer,Ascendion,Sudan,Anywhere,Contractor,via Indeed,2023-08-15 13:51:28,115000.0
460143,Data Engineer,Medix™,Sudan,Anywhere,Contractor,via LinkedIn,2023-04-28 17:56:36,115000.0
52338,Data Engineer II,Mutual of Omaha,United States,Anywhere,Full-time,via Indeed,2023-03-11 09:08:46,115000.0
125066,Data Engineer - Remote,Tapcheck,United States,Anywhere,Full-time,via Jobgether,2023-09-13 12:05:12,115000.0
206904,Data Engineer - AWS,Simplex,United States,Anywhere,Full-time,via Indeed,2023-05-01 18:09:44,115000.0
440128,Data Engineer,Advantage Tech,United States,Anywhere,Full-time,via LinkedIn,2023-04-11 19:49:27,115000.0
79457,Data Engineer,CRG,United States,Anywhere,Full-time,via LinkedIn,2023-08-14 14:08:56,115000.0
208709,Data Engineer (Remote),Uplight,United States,Anywhere,Full-time,via Built In Chicago,2023-03-08 23:09:50,115000.0
281857,Data Engineer (Remote),Gray,United States,Anywhere,Full-time,via LinkedIn,2023-07-23 19:23:53,115000.0
567864,Junior Data Engineer,Patterned Learning AI,United States,Anywhere,Full-time,via ZipRecruiter,2023-05-01 07:10:31,115000.0
139185,Data Engineer,Dumpa Consulting,United States,Anywhere,Full-time,via Indeed,2023-02-28 18:08:30,115000.0
28713,Data Engineer,Simplex.,Sudan,Anywhere,Full-time,via LinkedIn,2023-03-16 21:09:07,115000.0
59778,REMOTE Data Engineer,Insight Global,Sudan,Anywhere,Full-time,via LinkedIn,2023-06-27 21:46:53,115000.0
944145,Data Engineer / Analyst,CyberCoders,Sudan,Anywhere,Full-time,via LinkedIn,2023-01-08 11:45:58,115000.0
399364,Data Engineer,Apex Systems,United States,Anywhere,Full-time,via LinkedIn,2023-05-09 22:21:41,115000.0
60437,Remote SAP Data Engineer,Insight Global,United States,Anywhere,Full-time,via LinkedIn,2023-05-10 14:11:58,115000.0
279120,Sr Data Engineer,Gentis Solutions,United States,Anywhere,Full-time,via LinkedIn,2023-06-16 14:46:34,115000.0
253321,REMOTE - Data Engineer,Jobot,Sudan,Anywhere,Full-time,via LinkedIn,2023-10-18 04:38:45,115000.0
25141,Data Engineer IV,Rackspace,Sudan,Anywhere,Full-time,via EchoJobs,2023-01-22 08:04:19,114500.0
199651,Lead Data Engineer - Remote,Astreya,United States,Anywhere,Full-time,via Jobgether,2023-10-10 07:42:07,113792.5
190656,Jr Data Analytics Engineer,"Echelon Services, LLC",United States,Anywhere,Full-time,via LinkedIn,2023-10-10 17:10:45,113500.0
617425,Data Engineer - Risk Analytics,Elsdon Consulting ltd,United States,Anywhere,Full-time,via LinkedIn,2023-02-07 15:06:43,112500.0
77631,Data Engineer,Foureyes,Sudan,Anywhere,Full-time,via LinkedIn,2023-08-07 21:29:45,112500.0
139249,Data Engineer ETL lnformatica APi Engineer (PERM),Robert Half,United States,Anywhere,Full-time,via Robert Half,2023-04-17 11:39:16,112500.0
309561,Part time web & data scraping engineer,Apollo League,United States,Anywhere,Part-time,via LinkedIn,2023-06-20 09:06:13,112500.0
160741,Data Engineer ETL lnformatica API SQL Engineer (PERM Direct),Robert Half,United States,Anywhere,Full-time,via Robert Half,2023-05-29 19:05:37,112500.0
168115,Data Engineer (Remote),Sears Home Services,United States,Anywhere,Full-time,via Indeed,2023-12-29 01:27:32,112500.0
72508,Data Engineer,Rhythmos,United States,Anywhere,Full-time,via LinkedIn,2023-09-25 22:07:12,112500.0
138997,"Data Engineer / ETL Informatica, SQL, APi Engineer PERM",Robert Half,United States,Anywhere,Full-time,via Robert Half,2023-04-16 19:24:45,112500.0
234865,Data Engineer (Remote),"Seerist, Inc",Sudan,Anywhere,Full-time,via ZipRecruiter,2023-01-31 03:07:12,112500.0
660576,Data Engineer,Michael Kors,United States,Anywhere,Full-time,via LinkedIn,2023-03-03 22:46:05,112500.0
542003,Data Engineer Lead,Michael Kors,Sudan,Anywhere,Full-time,via LinkedIn,2023-01-31 20:35:43,112500.0
79513,Data Engineer,RightPro Staffing,United States,Anywhere,Full-time,via LinkedIn,2023-07-22 12:08:33,112500.0
184527,Sr. Data Engineer,G Associates LLC,United States,Anywhere,Full-time,via Indeed,2023-09-19 17:07:03,112143.5
288270,Data Analytics Engineer,Get It Recruit - Information Technology,United States,Anywhere,Full-time,via Get.It,2023-11-26 09:01:48,112000.0
220167,Mid-level Data Engineer,Get It Recruit - Information Technology,United States,Anywhere,Full-time,via Get.It,2023-12-14 07:34:51,112000.0
126652,Data Engineer,EvolutionHR,United States,Anywhere,Full-time,via LinkedIn,2023-03-06 21:51:23,111000.0
767064,Data Engineer (Remote),Liberty Mutual Insurance,Sudan,Anywhere,Full-time,via Built In NYC,2023-04-15 03:24:52,110650.0
252377,Data Engineer (Remote),Liberty Mutual Insurance,United States,Anywhere,Full-time,via Built In Boston,2023-04-19 03:09:32,110650.0
716907,Data Engineer,Farm Credit of Southern Colorado,United States,Anywhere,Full-time,via Indeed,2023-11-30 19:07:13,110000.0
146086,Data Engineer (Java/Oracle/SQL) - Remote,Mutual of Omaha,Sudan,Anywhere,Full-time,via Indeed,2023-06-01 10:05:47,110000.0
113223,Data Engineer,Digital Media Solutions,United States,Anywhere,Full-time,via Digital Media Solutions - Talentify,2023-01-25 04:09:19,110000.0
49882,Big Data Engineer,Vivvix,United States,Anywhere,Full-time,via LinkedIn,2023-06-23 14:27:33,110000.0
962751,Data Engineer,Understanding Recruitment,Canada,Anywhere,Full-time,via LinkedIn,2023-01-12 08:39:47,110000.0
74507,Data Engineer,Agility Partners,United States,Anywhere,Full-time,via LinkedIn,2023-07-21 13:10:23,110000.0
869277,Data Engineer,"Dfuse Technologies, Inc.",Sudan,Anywhere,Full-time,via Indeed,2023-06-05 19:04:44,110000.0
422666,Data Engineer,theSkimm,United States,Anywhere,Full-time,via Indeed,2023-03-20 16:39:48,110000.0
148783,Snowflake Data Engineer,Accion Labs,Sudan,Anywhere,Contractor,via LinkedIn,2023-09-06 17:49:52,110000.0
577849,Data Engineer,STL Digital,United States,Anywhere,Full-time,via LinkedIn,2023-02-28 16:53:22,110000.0
461905,Data Engineer (Java/Oracle/SQL),Mutual of Omaha,United States,Anywhere,Full-time,via Indeed,2023-05-27 09:07:07,110000.0
121922,Data Engineer III- Remote,Interactive Resources - iR,United States,Anywhere,Contractor,via LinkedIn,2023-07-22 17:07:27,110000.0
802861,Data Engineer,Sterlite Technologies Limited,India,Anywhere,Full-time,via Dice,2023-02-28 17:17:52,110000.0
184865,Data Engineer ETL lnformatica API SQL Engineer (DIRECT HIRE),Robert Half,Sudan,Anywhere,Full-time,via Robert Half,2023-07-20 13:00:22,110000.0
183255,Data Engineer,Farm Credit of Southern Colorado,United States,Anywhere,Full-time,via Indeed,2023-11-30 20:06:01,110000.0
103983,Data Engineer,Ascendion,United States,Anywhere,Full-time,via LinkedIn,2023-07-26 14:07:19,110000.0
42627,Data Engineer (AWS),Emergent Software,United States,Anywhere,Full-time,via Indeed,2023-06-27 21:30:29,110000.0
156319,Data Engineer,Robert Half,Colombia,Anywhere,Full-time,via Robert Half,2023-03-14 14:32:24,110000.0
17534,Data Engineer,Quility Insurance,United States,Anywhere,Full-time,via LinkedIn,2023-09-15 13:08:36,110000.0
564585,Data Engineer,Bouldering Project,United States,Anywhere,Full-time,via LinkedIn,2023-12-27 16:06:17,110000.0
1182247,Data Engineer ETL lnformatica API SQL Engineer,Robert Half,United States,Anywhere,Full-time,via LinkedIn,2023-12-26 20:07:07,110000.0
346267,Senior Python / Data Engineer,Adaptive Solutions Group,United States,Anywhere,Full-time,via LinkedIn,2023-06-20 20:07:00,110000.0
919478,Lead Data Engineer,Genpact,Sudan,Anywhere,Full-time,via LinkedIn,2023-07-05 19:09:45,110000.0
568124,Data Engineer,Insight Global,United States,Anywhere,Full-time,via LinkedIn,2023-10-18 20:46:02,110000.0
78049,Data Engineer,Workato,Estonia,Anywhere,Full-time,via AngelList,2023-02-15 19:07:45,110000.0
115987,Data Engineer,"Dfuse Technologies, Inc.",United States,Anywhere,Full-time,via Indeed,2023-06-07 14:21:43,110000.0
266841,Data Engineer,Blue Sky Specialty Pharmacy,United States,Anywhere,Full-time,via Indeed,2023-01-20 22:41:37,109500.0
225982,Data Analytics Engineer,Lawrence Harvey,United States,Anywhere,Full-time,via LinkedIn,2023-10-05 02:06:25,109000.0
685577,Data Engineer,Lawrence Harvey,United States,Anywhere,Full-time,via LinkedIn,2023-09-20 23:04:18,109000.0
17299,Data Engineer,Interactive Resources - iR,Sudan,Anywhere,Contractor,via LinkedIn,2023-07-22 03:02:42,108500.0
823520,Data Engineer/ PLSQL Developer,Harrison National Employment,Sudan,Anywhere,Contractor,via LinkedIn,2023-01-25 16:58:25,107500.0
385720,Data Engineer II,BlueLabs,United States,Anywhere,Full-time,via LinkedIn,2023-06-14 22:07:07,107500.0
21742,Data Science Engineer,Elsdon Consulting ltd,United States,Anywhere,Full-time,via LinkedIn,2023-03-08 13:08:36,107500.0
19441,Data Engineer,Harnham,Sudan,Anywhere,Full-time,via LinkedIn,2023-10-23 21:52:59,107500.0
16132,Data Engineer,FirstParty,United States,Anywhere,Full-time,via LinkedIn,2023-10-24 15:10:06,107500.0
382300,Data Engineering Consultant,The Ohio State University,United States,Anywhere,Full-time,via LinkedIn,2023-06-27 13:57:45,107500.0
702545,Data Engineer,Versapay,United States,Anywhere,Full-time,via LinkedIn,2023-12-11 21:26:58,107500.0
370592,Data Engineer (Azure ML/AI),Agility Partners,United States,Anywhere,Contractor,via LinkedIn,2023-08-24 18:28:34,107500.0
648618,Data Engineer,Robert Half,United States,Anywhere,Temp work,via ZipRecruiter,2023-11-01 16:04:43,107500.0
818680,Data Engineer,Versapay,Canada,Anywhere,Full-time,via LinkedIn,2023-12-12 04:46:30,107500.0
166080,Data Engineer,Amica Mutual Insurance Company,United States,Anywhere,Full-time,via Indeed,2023-08-22 15:07:15,107341.0
807931,Data Engineer I,Motion Recruitment,United States,Anywhere,Full-time,via Motion Recruitment,2023-11-28 07:42:11,107000.0
121030,Data Engineer (CIS) - Remote,Amica Mutual Insurance,Sudan,Anywhere,Full-time,via Adzuna,2023-02-11 19:07:34,106380.0
413370,AWS Data Engineer II,Sofvio,United States,Anywhere,Full-time,via Indeed,2023-11-30 20:06:58,106000.0
1690938,(Remote local with 5% travel) AWS Data Engineer,PSEG,United States,Anywhere,Full-time,via LinkedIn,2023-09-21 18:04:20,105900.0
86927,Data Engineer,Dealer Tire,United States,Anywhere,Full-time,via LinkedIn,2023-08-14 20:50:07,105250.0
19596,Data Engineer - Remote,Vestis,United States,Anywhere,Full-time,via Indeed,2023-12-08 18:07:39,105000.0
89517,Sr. Data Engineer,Insight Global,United States,Anywhere,Full-time,via LinkedIn,2023-06-07 13:21:51,105000.0
506631,Data Engineer I,Apollo Medical Holdings,United States,Anywhere,Full-time,via Indeed,2023-08-10 18:05:20,105000.0
263572,Lead Data Engineer,DeepHealth,United States,Anywhere,Full-time,via Indeed,2023-01-16 15:45:59,105000.0
331162,Position: Senior-Lead Data Engineer,Tourism Industry,Sudan,Anywhere,Full-time,via LinkedIn,2023-01-26 15:52:32,105000.0
239861,Associate Data Engineer,Simplex,United States,Anywhere,Full-time,via ZipRecruiter,2023-02-23 20:27:52,105000.0
450324,Data Engineer,Possip,United States,Anywhere,Full-time,via LinkedIn,2023-08-18 15:11:25,105000.0
154692,Data Engineer,Realtime Recruitment,United States,Anywhere,Full-time,via LinkedIn,2023-06-19 10:27:25,105000.0
27258,Data Engineer,CyberCoders,United States,Anywhere,Full-time,via Indeed,2023-06-27 12:57:33,105000.0
89863,Analytics Engineer / Data Engineer,Education Analytics,Sudan,Anywhere,Full-time,via Indeed,2023-01-07 01:06:18,105000.0
126435,Healthcare Data Engineer,RightPro Staffing,United States,Anywhere,Full-time,via LinkedIn,2023-03-30 13:30:29,105000.0
133303,Data Engineer,Education Analytics,United States,Anywhere,Full-time,via LinkedIn,2023-01-10 21:26:56,105000.0
38370,"Data Engineer ( Python , SQL , GCP )",CVS Health,United States,Anywhere,Full-time,via LinkedIn,2023-05-10 08:14:41,105000.0
763810,Data Engineer,CVS Health,United States,Anywhere,Full-time,via LinkedIn,2023-03-08 08:09:53,105000.0
9720,Data Engineer,CyberCoders,United States,Anywhere,Full-time,via Indeed,2023-06-12 20:27:26,105000.0
11813,Data Engineer,HirePlace,United States,Anywhere,Full-time,via LinkedIn,2023-01-18 15:10:43,105000.0
82567,Data Engineer I,Energy Solutions,United States,Anywhere,Full-time,via Indeed,2023-08-24 22:06:21,105000.0
859525,Data Engineer,Pax8,United States,Anywhere,Full-time,via EchoJobs,2023-04-04 18:09:58,105000.0
32471,Data Engineer I,Energy Solutions,United States,Anywhere,Full-time,via LinkedIn,2023-09-22 23:10:18,105000.0
11046,Data Engineer with Azure,"Pivotal Solutions, Inc.",United States,Anywhere,Full-time,via ZipRecruiter,2023-08-04 17:08:19,105000.0
579041,Data Engineer,Emids,United States,Anywhere,Full-time,via LinkedIn,2023-03-09 19:43:09,105000.0
108022,BI Data Engineer,CVS Health,Sudan,Anywhere,Full-time,via LinkedIn,2023-04-08 07:46:19,105000.0
423917,Data Operations Engineer,Robert Half,United States,Anywhere,Full-time,via ZipRecruiter,2023-10-06 15:08:18,102500.0
457430,Data Engineer,konnectingtree.Inc,United States,Anywhere,Full-time,via Indeed,2023-06-20 16:06:28,102500.0
602851,Data Engineer,Robert Half,Sudan,Anywhere,Full-time,via ZipRecruiter,2023-12-06 14:22:29,102500.0
314143,Data Engineer (Remote),Jobot,United States,Anywhere,Full-time,via Dice,2023-05-26 08:06:43,102500.0
513585,data engineer,Kani Solutions,United States,Anywhere,Full-time,via Indeed,2023-02-17 20:57:23,102096.703125
43113,"Data Engineer (Nashville, TN or Remote)",Aristocrat,United States,Anywhere,Full-time,via Built In,2023-01-27 07:11:06,101001.5
860204,Data Engineer,"Episource, LLC.",United States,Anywhere,Full-time,via Indeed,2023-09-28 22:17:18,101000.0
669196,Data Engineer,Provista Software Corporation,United States,Anywhere,Full-time,via Indeed,2023-05-26 20:08:38,100696.8125
1043479,Data Engineer - Remote,UnitedHealth Group,United States,Anywhere,Full-time,via UnitedHealth Group - Talentify,2023-02-03 14:31:28,100400.0
462902,Systems and Data Engineer,Edgenuity,Sudan,Anywhere,Full-time,via EchoJobs,2023-04-09 17:19:08,100000.0
144517,ETL Data Engineer,NewWave,United States,Anywhere,Full-time,via NewWave - Talentify,2023-08-30 07:54:12,100000.0
319910,Data Engineer,Tail Wind Informatics Corporation,United States,Anywhere,Full-time,via LinkedIn,2023-10-11 21:07:10,100000.0
68796,"Experienced Data Engineer(Small, fun, collaborative team)🤓",Validate Health,United States,Anywhere,Full-time,via LinkedIn,2023-03-22 13:02:04,100000.0
1096643,Data Engineer (REMOTE),"Armavel, LLC",United States,Anywhere,Full-time,via ZipRecruiter,2023-11-06 20:01:02,100000.0
519933,Data Engineer II,Lulus Fashion Lounge Llc,United States,Anywhere,Full-time,via Indeed,2023-01-25 04:08:46,100000.0
974545,Data Engineer,"AtomicJar, Inc.",United States,Anywhere,Full-time,via LinkedIn,2023-04-18 22:06:43,100000.0
177641,Data Engineer,Plexus Resource Solutions,United Kingdom,Anywhere,Full-time,via LinkedIn,2023-12-11 17:48:14,100000.0
194849,Associate Data Engineer,Creative Financial Staffing (CFS),Sudan,Anywhere,Full-time,via LinkedIn,2023-10-11 02:19:47,100000.0
32740,Data Engineer,Insight Global,United States,Anywhere,Contractor,via LinkedIn,2023-09-26 20:08:55,100000.0
1415714,Data Engineer,Searce Inc.,Sudan,Anywhere,Full-time,via ZipRecruiter,2023-05-11 18:52:12,100000.0
1706762,Mid-level Azure Data Engineer,Medix Technology,United States,Anywhere,Full-time,via LinkedIn,2023-05-05 19:21:16,100000.0
14481,Data Engineer,Rise Technical,United States,Anywhere,Full-time,via LinkedIn,2023-10-12 18:27:39,100000.0
277427,Remote Azure Data Engineer,West Shore Home,United States,Anywhere,Full-time,via ZipRecruiter,2023-06-13 15:07:17,100000.0
65467,100% Remote Data Engineer,Agility Partners,United States,Anywhere,Full-time,via LinkedIn,2023-05-15 14:22:54,100000.0
177953,Data Engineer,On-Demand Group,United States,Anywhere,Full-time,via LinkedIn,2023-03-31 13:12:04,100000.0
338335,MLOps / Data Engineer at YC-backed AI startup,Cerrion,Switzerland,Anywhere,Full-time,via Y Combinator,2023-03-31 16:36:31,100000.0
535014,Data Engineer,Brooksource,United States,Anywhere,Full-time,via LinkedIn,2023-01-16 20:46:01,99500.0
83732,Data Engineer I,Scott’s Cheap Flights,United States,Anywhere,Full-time,via Indeed,2023-08-30 19:10:15,99446.0
56695,Data Engineer,Validate Health,Sudan,Anywhere,Full-time,via LinkedIn,2023-07-07 14:09:09,97500.0
36017,Data Engineer,Validate Health,United States,Anywhere,Full-time,via LinkedIn,2023-06-19 16:09:27,97500.0
880210,Data Engineer,Health New England,Sudan,Anywhere,Full-time,via LinkedIn,2023-07-20 15:00:58,95981.0
491419,Data Engineer,Volkswagen Group of America - Chattanooga Operations,United States,Anywhere,Full-time,via Indeed,2023-03-09 18:42:43,95550.0
25211,Data Engineer,FinThrive,Sudan,Anywhere,Full-time,via LinkedIn,2023-04-17 19:36:54,95500.0
1607929,Data Engineer I,Medical Solutions,United States,Anywhere,Full-time,via LinkedIn,2023-04-28 10:10:19,95000.0
971646,Data Engineer,Scalapay,Italy,Anywhere,Full-time,via Remote OK,2023-02-02 16:49:37,95000.0
99274,"Data Engineer, Public Trust security clearance & ability to be...",FWDthink LLC,United States,Anywhere,Full-time,via ZipRecruiter,2023-09-26 05:09:09,95000.0
207441,Data Engineer,LHH,United States,Anywhere,Full-time,via LinkedIn,2023-06-14 17:08:15,95000.0
758824,Data Engineer,"Community Reinvestment Fund, USA",United States,Anywhere,Full-time,via Indeed,2023-10-13 00:29:06,95000.0
675566,Data Engineer,Kavaliro,United States,Anywhere,Full-time,via LinkedIn,2023-03-22 17:21:33,95000.0
90538,Data Engineer Associate (Remote),Carrot Fertility,United States,Anywhere,Full-time,via Built In Colorado,2023-04-05 23:09:07,94500.0
186706,Associate Data Engineer,Acara Solutions,United States,Anywhere,Full-time,via LinkedIn,2023-05-09 14:26:51,94000.0
336735,Data Engineer (Remote),The Kraft Heinz Company,United States,Anywhere,Full-time,via Built In Chicago,2023-04-24 17:06:44,93700.0
78405,Data Engineer,Intrado Life & Safety,United States,Anywhere,Full-time,via LinkedIn,2023-06-07 17:28:04,93500.0
1215352,"Sr Data Engineer No C2C, Open to local applicants only",Alipro,United States,Anywhere,Contractor,via ZipRecruiter,2023-07-27 14:08:57,92850.0
236955,AWS Data Engineer,Stelvio Group,United States,Anywhere,Full-time,via LinkedIn,2023-03-22 11:02:04,92500.0
454928,Data Engineer,CyberCoders,United States,Anywhere,Full-time,via LinkedIn,2023-03-14 09:11:16,92500.0
90207,Data Engineer,Ancora Education,Sudan,Anywhere,Full-time,via Indeed,2023-08-25 19:41:49,92500.0
850405,Applied Data Engineer (Remote),Civis Analytics,United States,Anywhere,Full-time,via Built In Chicago,2023-08-19 03:44:15,92000.0
1293786,Data scientist/Data engineer,Nightingale Caring Solutions,Sudan,Anywhere,Full-time,via AngelList,2023-01-20 23:43:02,91000.0
25925,Data Engineer,Tremco Incorporated,United States,Anywhere,Full-time,via Indeed,2023-06-07 18:28:51,90000.0
205915,Data Engineer,OneSparQ,United States,Anywhere,Full-time,via LinkedIn,2023-03-15 12:05:52,90000.0
137353,Data Engineer (Mid-level),Jack Henry,United States,Anywhere,Full-time,via LinkedIn,2023-06-05 21:11:18,90000.0
315056,Data Science Engineer (Entry Level ),TEKtalent Inc,United States,Anywhere,Full-time,via LinkedIn,2023-03-24 20:08:32,90000.0
859221,Data Engineer,Orbis,United States,Anywhere,Full-time,via LinkedIn,2023-02-03 13:32:29,90000.0
90605,"Data Engineer / Scientist - for New University Grads (Small, Fun...",Validate Health,United States,Anywhere,Full-time,via LinkedIn,2023-03-25 08:12:35,90000.0
175520,Entry Level Data Engineer,Get It Recruit - Information Technology,United States,Anywhere,Full-time,via Get.It,2023-12-30 09:01:57,90000.0
87708,Data Engineer,Applied Resource Group,United States,Anywhere,Full-time,via LinkedIn,2023-04-20 13:06:36,90000.0
104246,Data Engineer -$70k-$90k,Canadian Executive Search Group Inc.,United States,Anywhere,Full-time,via Indeed,2023-05-25 02:08:26,90000.0
113042,Data Engineer (Python/SQL/ETL),Robert Half,United States,Anywhere,Full-time,via LinkedIn,2023-12-20 02:09:51,90000.0
246251,Data Engineer,Apex Systems,United States,Anywhere,Full-time,via LinkedIn,2023-01-26 22:50:35,89500.0
870364,Data Engineer,Robert Half,United States,Anywhere,Full-time,via Robert Half,2023-03-03 17:08:52,88500.0
1655951,Data Integration Engineer,Envision,United States,Anywhere,Full-time,via LinkedIn,2023-03-10 17:11:28,87500.0
157805,AWS Data Engineer,Stelvio Group,United States,Anywhere,Full-time,via LinkedIn,2023-03-20 13:15:35,87500.0
1406658,Data Engineer,The Wendy's Company,Sudan,Anywhere,Full-time,via ZipRecruiter,2023-07-20 21:00:11,86500.0
508287,Data Engineer- Mid Level,RAZOR,United States,Anywhere,Full-time,via LinkedIn,2023-06-16 20:45:11,85500.0
704833,Data Engineer,BibleProject,Sudan,Anywhere,Full-time,via LinkedIn,2023-02-15 17:21:07,85000.0
158449,Data Engineer,DBSI Services,United States,Anywhere,Full-time,via Indeed,2023-01-31 16:07:33,85000.0
273632,Data Engineer,Tactacam LLC,United States,Anywhere,Full-time,via LinkedIn,2023-10-29 18:05:54,85000.0
181559,Director of Data Engineering Battery Storage,Plus Power,United States,Anywhere,Full-time,via Remote OK,2023-12-17 14:08:36,85000.0
193737,Database Administrator / Technical Support Engineer,Altinity,Canada,Anywhere,Full-time,via Wellfound,2023-12-20 09:20:28,85000.0
38029,Enterprise Data Engineer,Insperity,United States,Anywhere,Full-time,via LinkedIn,2023-03-28 15:17:48,83950.0
458268,Data Engineer,Nutrisense,United States,Anywhere,Full-time,via LinkedIn,2023-03-09 00:08:55,82500.0
906529,Lead Data Engineer,OpenEarth Foundation,United States,Anywhere,Full-time,via Idealist,2023-10-13 22:16:03,82500.0
12846,Jr Data Engineer,AG Foundry,United States,Anywhere,Full-time,via LinkedIn,2023-07-21 16:09:19,82500.0
1732594,Data Engineer Analyst,NCdotGov,United States,Anywhere,Full-time,via NCdotGov - Talentify,2023-07-02 09:07:10,82005.5
631447,Engineer Team Lead - Data & Reporting (LATAM),Aloware,Guatemala,Anywhere,Full-time,via Wellfound,2023-12-14 18:33:30,80000.0
4525,Sr. Test Data Management Engineer,Tech Mahindra,Canada,Anywhere,Full-time,via LinkedIn,2023-02-02 18:16:12,80000.0
118169,Data Engineer,MissionWired,United States,Anywhere,Full-time,via LinkedIn,2023-02-23 21:23:54,80000.0
380749,Data Engineer,Robert Half,United States,Anywhere,Full-time,via ZipRecruiter,2023-11-11 15:04:50,80000.0
1032164,Data/ETL Engineer,Acquco,Canada,Anywhere,Full-time,via AngelList,2023-02-08 20:19:38,80000.0
278725,"Software Data Engineer, CCS","CCS, LLC",United States,Anywhere,Full-time,via Indeed,2023-12-26 18:05:05,79929.0
481064,IT Applications/Report Developer (Data Engineer),TRILLIUM HEALTH RESOURCES,United States,Anywhere,Full-time,via ZipRecruiter,2023-08-04 20:09:34,77884.0
1748373,Data Engineer I - Client Support - IT Industry,Astreya Partners,Sudan,Anywhere,Full-time,via Indeed,2023-11-09 18:37:44,76512.5
333167,Health Information Data Engineer,MyHealth Access Network,United States,Anywhere,Full-time,via Indeed,2023-02-09 18:06:35,75738.8359375
220743,Data Scientist/Data Engineer,Lemon.io,Ukraine,Anywhere,Full-time,via We Work Remotely,2023-12-07 13:50:40,75000.0
110465,Junior Data Engineer,Patterned Learning AI,United States,Anywhere,Full-time,via ZipRecruiter,2023-08-22 07:10:20,75000.0
68288,Junior Data Engineer,Patterned Learning AI,United States,Anywhere,Full-time,via ZipRecruiter,2023-07-13 07:06:05,75000.0
385688,Junior Data Scientist Engineer,Patterned Learning AI,United States,Anywhere,Full-time,via ZipRecruiter,2023-08-02 07:11:16,75000.0
172163,Data Engineer,CyberCoders,United States,Anywhere,Full-time,via Indeed,2023-06-02 19:27:23,75000.0
744300,Junior Data Scientist Engineer,Patterned Learning AI,United States,Anywhere,Full-time,via ZipRecruiter,2023-07-24 07:04:31,75000.0
126609,Data Engineer,AbsoluteCare,United States,Anywhere,Full-time,via LinkedIn,2023-06-15 13:23:31,75000.0
856480,Junior Data Scientist Engineer,Patterned Learning AI,United States,Anywhere,Full-time,via ZipRecruiter,2023-08-23 07:02:45,75000.0
32685,Data Engineer - Strategy (REMOTE),DICK'S Sporting Goods,United States,Anywhere,Full-time,via Indeed,2023-02-10 12:23:45,72750.0
1022416,Data Engineering Lead,Kinetic Technology,Hong Kong,Anywhere,Full-time,via Wellfound,2023-07-03 10:23:55,72500.0
1639462,Associate Data Engineer - Remote,Hilton,United States,Anywhere,Full-time,via Jobgether,2023-09-01 02:09:31,72500.0
618824,Big Data Engineer,KITRUM,Sudan,Anywhere,Full-time,via ZipRecruiter,2023-03-08 07:51:33,72000.0
175413,Data Engineer,Arbit,United States,Anywhere,Full-time,via Wellfound,2023-11-27 07:09:36,70000.0
161405,"Jr Data Engineer, Technical Services","Adswerve, Inc",United States,Anywhere,Full-time,via Indeed,2023-09-07 14:09:37,70000.0
61136,Snr Data Engineer,BillEase,United States,Anywhere,Full-time,via LinkedIn,2023-08-29 08:28:59,69000.0
94059,Snr Data Engineer,BillEase,Croatia,Anywhere,Full-time,via LinkedIn,2023-08-29 08:02:10,69000.0
620067,Data Engineer,Krila Consultancy & Recruitment,United Kingdom,Anywhere,Full-time,via LinkedIn,2023-12-13 11:16:23,67500.0
548374,Data Engineer,Coders Data,United States,Anywhere,Full-time,via LinkedIn,2023-10-30 14:05:15,67500.0
52187,IT Applications/Report Developer (Data Engineer),Trillium Health Resources,United States,Anywhere,Full-time,via LinkedIn,2023-02-21 22:29:34,65752.5
79739,IT Applications/Report Developer (Data Engineer),Trillium Health Resources,United States,Anywhere,Full-time,via LinkedIn,2023-04-03 16:08:55,65752.5
71298,Data Engineer (Entry Level),Patterned Learning AI,United States,Anywhere,Full-time,via ZipRecruiter,2023-06-27 06:57:24,65000.0
348109,Data Engineer (Entry Level),Patterned Learning AI,Sudan,Anywhere,Full-time,via ZipRecruiter,2023-07-28 06:41:49,65000.0
66702,Data Engineer (Entry Level),Patterned Learning AI,United States,Anywhere,Full-time,via ZipRecruiter,2023-08-14 07:05:45,65000.0
333463,Data Engineer II,Javara,United States,Anywhere,Full-time,via Indeed,2023-05-30 13:08:19,63647.1328125
166458,Data Engineer,Ledgent Technology,United States,Anywhere,Full-time,via Dice,2023-03-18 14:34:57,62500.0
1596556,Data Engineer/Atchitect (AWS + Python) - Finance Company,Truelogic Software,Mexico,Anywhere,Contractor,via Wellfound,2023-10-25 00:10:46,62500.0
166821,Qlik Data Engineer,Kanda Software,United States,Anywhere,Full-time,via Wellfound,2023-11-03 07:07:32,60000.0
63844,Full Stack Data Engineer,Pocket Network,Mexico,Anywhere,Full-time,via Wellfound,2023-03-21 14:43:13,60000.0
1030584,Fullstack Data Engineer,Pocket Network,Argentina,Anywhere,Full-time,via Wellfound,2023-03-21 14:48:24,60000.0
1426370,Junior Data Engineer,ThinkCX Technologies Inc,Canada,Anywhere,Full-time,via ZipRecruiter,2023-08-19 02:13:09,60000.0
1690402,Data Engineer - Permanent - London (Remote),Databuzzltd,United Kingdom,Anywhere,Full-time,via LinkedIn,2023-11-17 15:15:53,60000.0
612356,Junior data engineer with US Citizenship and Secret Clearance,SecurePro-Inc,United States,Anywhere,Contractor,via LinkedIn,2023-08-11 08:09:40,57500.0
176744,Middle Big Data Engineer,KITRUM,Spain,Anywhere,Full-time,via Wellfound,2023-11-08 12:46:14,56500.0
2695,Data Engineer ll (Latin America - Remote Role),"Qventus, Inc",Costa Rica,Anywhere,Full-time,via LinkedIn Costa Rica,2023-09-06 16:36:47,55000.0
983373,Data Engineer (REMOTE),Fitsoftware OU,Poland,Anywhere,Full-time,via Wellfound,2023-04-03 11:36:02,54500.0
110682,Data Quality engineer,Kanda Software,Kyrgyzstan,Anywhere,Full-time,via Wellfound,2023-06-23 10:30:21,52500.0
260808,Junior Data Engineer,Center for Sustainable Energy (CSE),United States,Anywhere,Full-time,via LinkedIn,2023-10-04 21:08:09,52500.0
452768,Mid/Senior Data Engineer (REMOTE),Fitsoftware OU,Ukraine,Anywhere,Full-time,via AngelList,2023-01-10 14:53:48,50500.0
297363,Data Engineer,Maxwell Bond®,United Kingdom,Anywhere,Full-time,via LinkedIn,2023-09-20 16:10:36,50000.0
44970,Mid/Senior Data Engineer (Python),Fitsoftware OU,Estonia,Anywhere,Full-time,via Wellfound,2023-08-10 18:11:16,50000.0
1305227,Data Engineer: Data and Machine Learning,Sensio Air,United Kingdom,Anywhere,Full-time,via AngelList,2023-01-24 18:17:25,50000.0
308970,Data Engineer - ETL and Data Visualization,Emphasoft,Serbia,Anywhere,Full-time,via Wellfound,2023-06-09 12:20:15,45000.0
1046496,Data scientist/Data engineer,SSI People,United States,Anywhere,Contractor,via Dice,2023-02-21 00:03:46,45000.0
453218,Data Engineer (Azure),SyrenCloud,Latvia,Anywhere,Contractor,via Wellfound,2023-04-06 12:53:06,45000.0
35359,Data Engineer,Global Job Services - Game Job Remote,Indonesia,Anywhere,Full-time,via LinkedIn,2023-08-03 14:18:35,36000.0
1009949,Data Engineer (Remote),Global Job Services - Game Job Remote,China,Anywhere,Full-time,via 领英,2023-08-07 14:24:01,36000.0
1682859,Data Engineer,Askria,United Kingdom,Anywhere,Full-time,via Wellfound,2023-11-03 14:14:24,35000.0
118869,Data Engineer (Remote),DrivenIQ,United States,Anywhere,Full-time,via Built In,2023-03-04 08:10:00,25000.0
1026051,Showwcase Elite - Data Engineer,Showwcase,Australia,Anywhere,Full-time,via Wellfound,2023-07-07 08:20:46,20000.0
